学年,組,出席番号,氏名,氏名カナ,Googleメールアドレス
1,1,1,近藤 結菜,コンドウ ユウナ,kondo.yuna@student.school.example.com
1,1,2,石川 結菜,イシカワ ユウナ,ishikawa.yuna@student.school.example.com
1,1,3,井上 駿,イノウエ シュン,inoue.shun@student.school.example.com
1,1,4,菊地 結菜,キクチ ユウナ,kikuchi.yuna@student.school.example.com
1,1,5,野口 結翔,ノグチ ユイト,noguchi.yuito@student.school.example.com
1,1,6,池田 恵子,イケダ ケイコ,ikeda.keiko@student.school.example.com
1,1,7,橋本 七海,ハシモト ナナミ,hashimoto.nanami@student.school.example.com
1,1,8,大野 太郎,オオノ タロウ,ohno.taro@student.school.example.com
1,1,9,平野 裕子,ヒラノ ユウコ,hirano.yuko@student.school.example.com
1,1,10,宮本 健太,ミヤモト ケンタ,miyamoto.kenta@student.school.example.com
1,1,11,木村 由紀,キムラ ユキ,kimura.yuki@student.school.example.com
1,1,12,福田 奏太,フクダ ソウタ,fukuda.souta@student.school.example.com
1,1,13,中村 奏太,ナカムラ ソウタ,nakamura.souta@student.school.example.com
1,1,14,杉山 太一,スギヤマ タイチ,sugiyama.taichi@student.school.example.com
1,1,15,吉田 美月,ヨシダ ミツキ,yoshida.mitsuki@student.school.example.com
1,1,16,小林 日和,コバヤシ ヒヨリ,kobayashi.hiyori@student.school.example.com
1,1,17,清水 大地,シミズ ダイチ,shimizu.daichi@student.school.example.com
1,1,18,松尾 詩,マツオ ウタ,matsuo.uta@student.school.example.com
1,1,19,河野 陸,コウノ リク,kono.riku@student.school.example.com
1,1,20,近藤 彩花,コンドウ アヤカ,kondo.ayaka@student.school.example.com
1,1,21,野口 葵,ノグチ アオイ,noguchi.aoi@student.school.example.com
1,1,22,小川 七海,オガワ ナナミ,ogawa.nanami@student.school.example.com
1,1,23,藤田 裕也,フジタ ユウヤ,fujita.yuya@student.school.example.com
1,1,24,和田 恵子,ワダ ケイコ,wada.keiko@student.school.example.com
1,1,25,森田 朱里,モリタ アカリ,morita.akari@student.school.example.com
1,1,26,原 悠太,ハラ ユウタ,hara.yuta@student.school.example.com
1,1,27,石田 新,イシダ アラタ,ishida.arata@student.school.example.com
1,1,28,小林 あゆみ,コバヤシ アユミ,kobayashi.ayumi@student.school.example.com
1,1,29,高橋 彩,タカハシ アヤ,takahashi.aya@student.school.example.com
1,1,30,河野 暖,コウノ ダン,kono.dan@student.school.example.com
1,1,31,久保 新,クボ アラタ,kubo.arata@student.school.example.com
1,1,32,佐藤 正樹,サトウ マサキ,sato.masaki@student.school.example.com
1,1,33,野村 慎一,ノムラ シンイチ,nomura.shinichi@student.school.example.com
1,1,34,後藤 和也,ゴトウ カズヤ,goto.kazuya@student.school.example.com
1,1,35,伊藤 直美,イトウ ナオミ,ito.naomi@student.school.example.com
1,1,36,加藤 琴音,カトウ コトネ,kato.kotone@student.school.example.com
1,1,37,長谷川 光,ハセガワ ヒカル,hasegawa.hikaru@student.school.example.com
1,1,38,杉本 美月,スギモト ミツキ,sugimoto.mitsuki@student.school.example.com
1,1,39,小川 七海,オガワ ナナミ,ogawa.nanami1@student.school.example.com
1,1,40,清水 遥,シミズ ハルカ,shimizu.haruka@student.school.example.com
1,2,1,村田 詩,ムラタ ウタ,murata.uta@student.school.example.com
1,2,2,石田 詩,イシダ ウタ,ishida.uta@student.school.example.com
1,2,3,中山 朝陽,ナカヤマ アサヒ,nakayama.asahi@student.school.example.com
1,2,4,松本 隆,マツモト タカシ,matsumoto.takashi@student.school.example.com
1,2,5,松尾 芽依,マツオ メイ,matsuo.mei@student.school.example.com
1,2,6,中野 葵,ナカノ アオイ,nakano.aoi@student.school.example.com
1,2,7,中山 莉子,ナカヤマ リコ,nakayama.riko@student.school.example.com
1,2,8,山本 隆,ヤマモト タカシ,yamamoto.takashi@student.school.example.com
1,2,9,中村 陽菜,ナカムラ ヒナ,nakamura.hina@student.school.example.com
1,2,10,岡本 誠,オカモト マコト,okamoto.makoto@student.school.example.com
1,2,11,石田 朝陽,イシダ アサヒ,ishida.asahi@student.school.example.com
1,2,12,中島 日和,ナカジマ ヒヨリ,nakajima.hiyori@student.school.example.com
1,2,13,原 颯太,ハラ ソウタ,hara.sota@student.school.example.com
1,2,14,上田 樹,ウエダ イツキ,ueda.itsuki@student.school.example.com
1,2,15,遠藤 莉子,エンドウ リコ,endo.riko@student.school.example.com
1,2,16,石田 正樹,イシダ マサキ,ishida.masaki@student.school.example.com
1,2,17,森田 美羽,モリタ ミウ,morita.miu@student.school.example.com
1,2,18,松本 勇気,マツモト ユウキ,matsumoto.yuuki@student.school.example.com
1,2,19,佐々木 七海,ササキ ナナミ,sasaki.nanami@student.school.example.com
1,2,20,鈴木 浩二,スズキ コウジ,suzuki.koji@student.school.example.com
1,2,21,長谷川 陸,ハセガワ リク,hasegawa.riku@student.school.example.com
1,2,22,中山 美月,ナカヤマ ミツキ,nakayama.mitsuki@student.school.example.com
1,2,23,横山 律,ヨコヤマ リツ,yokoyama.ritsu@student.school.example.com
1,2,24,和田 慎一,ワダ シンイチ,wada.shinichi@student.school.example.com
1,2,25,阿部 真由美,アベ マユミ,abe.mayumi@student.school.example.com
1,2,26,佐藤 綾香,サトウ アヤカ,sato.ayaka@student.school.example.com
1,2,27,近藤 杏,コンドウ アン,kondo.an@student.school.example.com
1,2,28,青木 葵,アオキ アオイ,aoki.aoi@student.school.example.com
1,2,29,藤本 美月,フジモト ミツキ,fujimoto.mitsuki@student.school.example.com
1,2,30,池田 朝陽,イケダ アサヒ,ikeda.asahi@student.school.example.com
1,2,31,藤井 律,フジイ リツ,fujii.ritsu@student.school.example.com
1,2,32,中村 未来,ナカムラ ミライ,nakamura.mirai@student.school.example.com
1,2,33,今井 慎一,イマイ シンイチ,imai.shinichi@student.school.example.com
1,2,34,太田 慎一,オオタ シンイチ,ota.shinichi@student.school.example.com
1,2,35,山本 未来,ヤマモト ミライ,yamamoto.mirai@student.school.example.com
1,2,36,横山 結菜,ヨコヤマ ユウナ,yokoyama.yuna@student.school.example.com
1,2,37,大野 悠斗,オオノ ユウト,ohno.yuto@student.school.example.com
1,2,38,中村 琴音,ナカムラ コトネ,nakamura.kotone@student.school.example.com
1,2,39,吉田 樹,ヨシダ イツキ,yoshida.itsuki@student.school.example.com
1,2,40,小林 萌,コバヤシ モエ,kobayashi.moe@student.school.example.com
1,3,1,小林 奏太,コバヤシ ソウタ,kobayashi.souta@student.school.example.com
1,3,2,和田 悠太,ワダ ユウタ,wada.yuta@student.school.example.com
1,3,3,杉山 大翔,スギヤマ ヒロト,sugiyama.hiroto@student.school.example.com
1,3,4,菅原 萌,スガワラ モエ,sugawara.moe@student.school.example.com
1,3,5,渡辺 香織,ワタナベ カオリ,watanabe.kaori@student.school.example.com
1,3,6,吉田 結衣,ヨシダ ユイ,yoshida.yui@student.school.example.com
1,3,7,松尾 未来,マツオ ミライ,matsuo.mirai@student.school.example.com
1,3,8,杉山 朱里,スギヤマ アカリ,sugiyama.akari@student.school.example.com
1,3,9,太田 龍生,オオタ リュウセイ,ota.ryusei@student.school.example.com
1,3,10,前田 美咲,マエダ ミサキ,maeda.misaki@student.school.example.com
1,3,11,長谷川 龍生,ハセガワ リュウセイ,hasegawa.ryusei@student.school.example.com
1,3,12,金子 大地,カネコ ダイチ,kaneko.daichi@student.school.example.com
1,3,13,杉本 駿,スギモト シュン,sugimoto.shun@student.school.example.com
1,3,14,宮崎 美咲,ミヤザキ ミサキ,miyazaki.misaki@student.school.example.com
1,3,15,加藤 一郎,カトウ イチロウ,kato.ichiro@student.school.example.com
1,3,16,宮崎 香織,ミヤザキ カオリ,miyazaki.kaori@student.school.example.com
1,3,17,杉山 隆,スギヤマ タカシ,sugiyama.takashi@student.school.example.com
1,3,18,加藤 日和,カトウ ヒヨリ,kato.hiyori@student.school.example.com
1,3,19,小川 結菜,オガワ ユウナ,ogawa.yuna@student.school.example.com
1,3,20,近藤 大地,コンドウ ダイチ,kondo.daichi@student.school.example.com
1,3,21,松田 和也,マツダ カズヤ,matsuda.kazuya@student.school.example.com
1,3,22,石田 恵子,イシダ ケイコ,ishida.keiko@student.school.example.com
1,3,23,青木 悠斗,アオキ ユウト,aoki.yuto@student.school.example.com
1,3,24,森田 七海,モリタ ナナミ,morita.nanami@student.school.example.com
1,3,25,西村 優花,ニシムラ ユウカ,nishimura.yuka@student.school.example.com
1,3,26,佐々木 彩花,ササキ アヤカ,sasaki.ayaka@student.school.example.com
1,3,27,鈴木 美羽,スズキ ミウ,suzuki.miu@student.school.example.com
1,3,28,西村 誠,ニシムラ マコト,nishimura.makoto@student.school.example.com
1,3,29,山口 龍生,ヤマグチ リュウセイ,yamaguchi.ryusei@student.school.example.com
1,3,30,木村 誠,キムラ マコト,kimura.makoto@student.school.example.com
1,3,31,河野 陽翔,コウノ ハルト,kono.haruto@student.school.example.com
1,3,32,坂本 優,サカモト ユウ,sakamoto.yu@student.school.example.com
1,3,33,野口 蒼,ノグチ アオイ,noguchi.aoi1@student.school.example.com
1,3,34,岡本 蒼,オカモト アオイ,okamoto.aoi@student.school.example.com
1,3,35,菊地 龍生,キクチ リュウセイ,kikuchi.ryusei@student.school.example.com
1,3,36,高木 美月,タカギ ミツキ,takagi.mitsuki@student.school.example.com
1,3,37,村上 勇気,ムラカミ ユウキ,murakami.yuuki@student.school.example.com
1,3,38,山田 葵,ヤマダ アオイ,yamada.aoi@student.school.example.com
1,3,39,遠藤 拓海,エンドウ タクミ,endo.takumi@student.school.example.com
1,3,40,佐藤 直美,サトウ ナオミ,sato.naomi@student.school.example.com
1,4,1,清水 龍生,シミズ リュウセイ,shimizu.ryusei@student.school.example.com
1,4,2,橋本 紬,ハシモト ツムギ,hashimoto.tsumugi@student.school.example.com
1,4,3,河野 葵,コウノ アオイ,kono.aoi@student.school.example.com
1,4,4,藤本 一郎,フジモト イチロウ,fujimoto.ichiro@student.school.example.com
1,4,5,木村 正樹,キムラ マサキ,kimura.masaki@student.school.example.com
1,4,6,池田 七海,イケダ ナナミ,ikeda.nanami@student.school.example.com
1,4,7,伊藤 恵子,イトウ ケイコ,ito.keiko@student.school.example.com
1,4,8,菅原 美羽,スガワラ ミウ,sugawara.miu@student.school.example.com
1,4,9,森 芽依,モリ メイ,mori.mei@student.school.example.com
1,4,10,清水 拓海,シミズ タクミ,shimizu.takumi@student.school.example.com
1,4,11,福田 由紀,フクダ ユキ,fukuda.yuki@student.school.example.com
1,4,12,渡辺 さくら,ワタナベ サクラ,watanabe.sakura@student.school.example.com
1,4,13,前田 大翔,マエダ ヒロト,maeda.hiroto@student.school.example.com
1,4,14,杉本 誠,スギモト マコト,sugimoto.makoto@student.school.example.com
1,4,15,中野 愛,ナカノ アイ,nakano.ai@student.school.example.com
1,4,16,中山 香織,ナカヤマ カオリ,nakayama.kaori@student.school.example.com
1,4,17,池田 奏太,イケダ ソウタ,ikeda.souta@student.school.example.com
1,4,18,橋本 湊,ハシモト ミナト,hashimoto.minato@student.school.example.com
1,4,19,中山 大輔,ナカヤマ ダイスケ,nakayama.daisuke@student.school.example.com
1,4,20,石川 直美,イシカワ ナオミ,ishikawa.naomi@student.school.example.com
1,4,21,中山 大翔,ナカヤマ ヒロト,nakayama.hiroto@student.school.example.com
1,4,22,坂本 悠斗,サカモト ユウト,sakamoto.yuto@student.school.example.com
1,4,23,井上 真由美,イノウエ マユミ,inoue.mayumi@student.school.example.com
1,4,24,伊藤 詩,イトウ ウタ,ito.uta@student.school.example.com
1,4,25,岡田 結翔,オカダ ユイト,okada.yuito@student.school.example.com
1,4,26,宮崎 千尋,ミヤザキ チヒロ,miyazaki.chihiro@student.school.example.com
1,4,27,福田 暖,フクダ ダン,fukuda.dan@student.school.example.com
1,4,28,岡田 大輔,オカダ ダイスケ,okada.daisuke@student.school.example.com
1,4,29,松尾 朝陽,マツオ アサヒ,matsuo.asahi@student.school.example.com
1,4,30,和田 直美,ワダ ナオミ,wada.naomi@student.school.example.com
1,4,31,遠藤 和也,エンドウ カズヤ,endo.kazuya@student.school.example.com
1,4,32,遠藤 千尋,エンドウ チヒロ,endo.chihiro@student.school.example.com
1,4,33,木下 琴音,キノシタ コトネ,kinoshita.kotone@student.school.example.com
1,4,34,和田 日和,ワダ ヒヨリ,wada.hiyori@student.school.example.com
1,4,35,藤原 大輔,フジワラ ダイスケ,fujiwara.daisuke@student.school.example.com
1,4,36,木村 龍生,キムラ リュウセイ,kimura.ryusei@student.school.example.com
1,4,37,石川 未来,イシカワ ミライ,ishikawa.mirai@student.school.example.com
1,4,38,近藤 翔太,コンドウ ショウタ,kondo.shota@student.school.example.com
1,4,39,井上 萌,イノウエ モエ,inoue.moe@student.school.example.com
1,4,40,柴田 千尋,シバタ チヒロ,shibata.chihiro@student.school.example.com
1,5,1,太田 芽依,オオタ メイ,ota.mei@student.school.example.com
1,5,2,野口 琴音,ノグチ コトネ,noguchi.kotone@student.school.example.com
1,5,3,木村 綾香,キムラ アヤカ,kimura.ayaka@student.school.example.com
1,5,4,村田 朝陽,ムラタ アサヒ,murata.asahi@student.school.example.com
1,5,5,村上 拓海,ムラカミ タクミ,murakami.takumi@student.school.example.com
1,5,6,柴田 太郎,シバタ タロウ,shibata.taro@student.school.example.com
1,5,7,谷口 日和,タニグチ ヒヨリ,taniguchi.hiyori@student.school.example.com
1,5,8,杉本 結翔,スギモト ユイト,sugimoto.yuito@student.school.example.com
1,5,9,原田 芽依,ハラダ メイ,harada.mei@student.school.example.com
1,5,10,小林 直美,コバヤシ ナオミ,kobayashi.naomi@student.school.example.com
1,5,11,千葉 美咲,チバ ミサキ,chiba.misaki@student.school.example.com
1,5,12,松尾 悠太,マツオ ユウタ,matsuo.yuta@student.school.example.com
1,5,13,西村 結菜,ニシムラ ユウナ,nishimura.yuna@student.school.example.com
1,5,14,福田 凛,フクダ リン,fukuda.rin@student.school.example.com
1,5,15,三浦 陽菜,ミウラ ヒナ,miura.hina@student.school.example.com
1,5,16,藤井 美羽,フジイ ミウ,fujii.miu@student.school.example.com
1,5,17,清水 朝陽,シミズ アサヒ,shimizu.asahi@student.school.example.com
1,5,18,石井 真由美,イシイ マユミ,ishii.mayumi@student.school.example.com
1,5,19,石川 優花,イシカワ ユウカ,ishikawa.yuka@student.school.example.com
1,5,20,杉山 駿,スギヤマ シュン,sugiyama.shun@student.school.example.com
1,5,21,和田 美羽,ワダ ミウ,wada.miu@student.school.example.com
1,5,22,佐藤 駿,サトウ シュン,sato.shun@student.school.example.com
1,5,23,青木 蒼,アオキ アオイ,aoki.aoi1@student.school.example.com
1,5,24,柴田 未来,シバタ ミライ,shibata.mirai@student.school.example.com
1,5,25,野口 裕子,ノグチ ユウコ,noguchi.yuko@student.school.example.com
1,5,26,酒井 紬,サカイ ツムギ,sakai.tsumugi@student.school.example.com
1,5,27,森田 律,モリタ リツ,morita.ritsu@student.school.example.com
1,5,28,安藤 詩,アンドウ ウタ,ando.uta@student.school.example.com
1,5,29,阿部 太一,アベ タイチ,abe.taichi@student.school.example.com
1,5,30,青木 琴音,アオキ コトネ,aoki.kotone@student.school.example.com
1,5,31,松尾 香織,マツオ カオリ,matsuo.kaori@student.school.example.com
1,5,32,藤原 浩二,フジワラ コウジ,fujiwara.koji@student.school.example.com
1,5,33,長谷川 裕也,ハセガワ ユウヤ,hasegawa.yuya@student.school.example.com
1,5,34,岡田 結翔,オカダ ユイト,okada.yuito1@student.school.example.com
1,5,35,森 大輔,モリ ダイスケ,mori.daisuke@student.school.example.com
1,5,36,渡辺 大翔,ワタナベ ヒロト,watanabe.hiroto@student.school.example.com
1,5,37,工藤 優花,クドウ ユウカ,kudo.yuka@student.school.example.com
1,5,38,加藤 杏,カトウ アン,kato.an@student.school.example.com
1,5,39,石井 遥,イシイ ハルカ,ishii.haruka@student.school.example.com
1,5,40,中島 綾香,ナカジマ アヤカ,nakajima.ayaka@student.school.example.com
1,6,1,内田 陽菜,ウチダ ヒナ,uchida.hina@student.school.example.com
1,6,2,石田 蓮,イシダ レン,ishida.ren@student.school.example.com
1,6,3,佐々木 太郎,ササキ タロウ,sasaki.taro@student.school.example.com
1,6,4,井上 葵,イノウエ アオイ,inoue.aoi@student.school.example.com
1,6,5,岡田 湊,オカダ ミナト,okada.minato@student.school.example.com
1,6,6,谷口 莉子,タニグチ リコ,taniguchi.riko@student.school.example.com
1,6,7,山本 愛,ヤマモト アイ,yamamoto.ai@student.school.example.com
1,6,8,石田 悠太,イシダ ユウタ,ishida.yuta@student.school.example.com
1,6,9,宮崎 颯太,ミヤザキ ソウタ,miyazaki.sota@student.school.example.com
1,6,10,酒井 彩花,サカイ アヤカ,sakai.ayaka@student.school.example.com
1,6,11,藤本 萌,フジモト モエ,fujimoto.moe@student.school.example.com
1,6,12,太田 紬,オオタ ツムギ,ota.tsumugi@student.school.example.com
1,6,13,松井 結菜,マツイ ユウナ,matsui.yuna@student.school.example.com
1,6,14,上田 美羽,ウエダ ミウ,ueda.miu@student.school.example.com
1,6,15,原 悠斗,ハラ ユウト,hara.yuto@student.school.example.com
1,6,16,工藤 心春,クドウ コハル,kudo.koharu@student.school.example.com
1,6,17,近藤 大翔,コンドウ ヒロト,kondo.hiroto@student.school.example.com
1,6,18,菊地 光,キクチ ヒカル,kikuchi.hikaru@student.school.example.com
1,6,19,谷口 美月,タニグチ ミツキ,taniguchi.mitsuki@student.school.example.com
1,6,20,野村 奏太,ノムラ ソウタ,nomura.souta@student.school.example.com
1,6,21,遠藤 紬,エンドウ ツムギ,endo.tsumugi@student.school.example.com
1,6,22,加藤 優,カトウ ユウ,kato.yu@student.school.example.com
1,6,23,長谷川 瑛太,ハセガワ エイタ,hasegawa.eita@student.school.example.com
1,6,24,藤原 美咲,フジワラ ミサキ,fujiwara.misaki@student.school.example.com
1,6,25,今井 太一,イマイ タイチ,imai.taichi@student.school.example.com
1,6,26,山口 陽翔,ヤマグチ ハルト,yamaguchi.haruto@student.school.example.com
1,6,27,後藤 綾香,ゴトウ アヤカ,goto.ayaka@student.school.example.com
1,6,28,池田 律,イケダ リツ,ikeda.ritsu@student.school.example.com
1,6,29,小林 結衣,コバヤシ ユイ,kobayashi.yui@student.school.example.com
1,6,30,中山 直美,ナカヤマ ナオミ,nakayama.naomi@student.school.example.com
1,6,31,今井 莉子,イマイ リコ,imai.riko@student.school.example.com
1,6,32,石井 慎一,イシイ シンイチ,ishii.shinichi@student.school.example.com
1,6,33,前田 結衣,マエダ ユイ,maeda.yui@student.school.example.com
1,6,34,竹内 未来,タケウチ ミライ,takeuchi.mirai@student.school.example.com
1,6,35,高橋 遥,タカハシ ハルカ,takahashi.haruka@student.school.example.com
1,6,36,田村 楓,タムラ カエデ,tamura.kaede@student.school.example.com
1,6,37,佐藤 さくら,サトウ サクラ,sato.sakura@student.school.example.com
1,6,38,西村 綾香,ニシムラ アヤカ,nishimura.ayaka@student.school.example.com
1,6,39,石井 日和,イシイ ヒヨリ,ishii.hiyori@student.school.example.com
1,6,40,今井 奈々,イマイ ナナ,imai.nana@student.school.example.com
1,7,1,岡田 美月,オカダ ミツキ,okada.mitsuki@student.school.example.com
1,7,2,岡田 瑛太,オカダ エイタ,okada.eita@student.school.example.com
1,7,3,柴田 美月,シバタ ミツキ,shibata.mitsuki@student.school.example.com
1,7,4,田中 綾香,タナカ アヤカ,tanaka.ayaka@student.school.example.com
1,7,5,岡本 陽菜,オカモト ヒナ,okamoto.hina@student.school.example.com
1,7,6,阿部 莉子,アベ リコ,abe.riko@student.school.example.com
1,7,7,清水 香織,シミズ カオリ,shimizu.kaori@student.school.example.com
1,7,8,丸山 大輔,マルヤマ ダイスケ,maruyama.daisuke@student.school.example.com
1,7,9,金子 彩,カネコ アヤ,kaneko.aya@student.school.example.com
1,7,10,杉山 大輔,スギヤマ ダイスケ,sugiyama.daisuke@student.school.example.com
1,7,11,吉田 葵,ヨシダ アオイ,yoshida.aoi@student.school.example.com
1,7,12,山口 莉子,ヤマグチ リコ,yamaguchi.riko@student.school.example.com
1,7,13,山崎 勇気,ヤマザキ ユウキ,yamazaki.yuuki@student.school.example.com
1,7,14,近藤 真由美,コンドウ マユミ,kondo.mayumi@student.school.example.com
1,7,15,三浦 律,ミウラ リツ,miura.ritsu@student.school.example.com
1,7,16,宮崎 裕子,ミヤザキ ユウコ,miyazaki.yuko@student.school.example.com
1,7,17,岡本 真由美,オカモト マユミ,okamoto.mayumi@student.school.example.com
1,7,18,遠藤 結衣,エンドウ ユイ,endo.yui@student.school.example.com
1,7,19,村上 太一,ムラカミ タイチ,murakami.taichi@student.school.example.com
1,7,20,工藤 健太,クドウ ケンタ,kudo.kenta@student.school.example.com
1,7,21,今井 勇気,イマイ ユウキ,imai.yuuki@student.school.example.com
1,7,22,松田 新,マツダ アラタ,matsuda.arata@student.school.example.com
1,7,23,佐々木 和也,ササキ カズヤ,sasaki.kazuya@student.school.example.com
1,7,24,佐々木 拓海,ササキ タクミ,sasaki.takumi@student.school.example.com
1,7,25,田中 大翔,タナカ ヒロト,tanaka.hiroto@student.school.example.com
1,7,26,藤田 健太,フジタ ケンタ,fujita.kenta@student.school.example.com
1,7,27,千葉 陽翔,チバ ハルト,chiba.haruto@student.school.example.com
1,7,28,長谷川 大地,ハセガワ ダイチ,hasegawa.daichi@student.school.example.com
1,7,29,工藤 直人,クドウ ナオト,kudo.naoto@student.school.example.com
1,7,30,杉山 律,スギヤマ リツ,sugiyama.ritsu@student.school.example.com
1,7,31,酒井 海斗,サカイ カイト,sakai.kaito@student.school.example.com
1,7,32,小野 陸,オノ リク,ono.riku@student.school.example.com
1,7,33,野口 奈々,ノグチ ナナ,noguchi.nana@student.school.example.com
1,7,34,木村 悠斗,キムラ ユウト,kimura.yuto@student.school.example.com
1,7,35,福田 誠,フクダ マコト,fukuda.makoto@student.school.example.com
1,7,36,菅原 大輔,スガワラ ダイスケ,sugawara.daisuke@student.school.example.com
1,7,37,福田 遥,フクダ ハルカ,fukuda.haruka@student.school.example.com
1,7,38,田村 花子,タムラ ハナコ,tamura.hanako@student.school.example.com
1,7,39,藤田 正樹,フジタ マサキ,fujita.masaki@student.school.example.com
1,7,40,久保 大翔,クボ ヒロト,kubo.hiroto@student.school.example.com
1,8,1,井上 駿,イノウエ シュン,inoue.shun1@student.school.example.com
1,8,2,平野 悠太,ヒラノ ユウタ,hirano.yuta@student.school.example.com
1,8,3,杉山 拓海,スギヤマ タクミ,sugiyama.takumi@student.school.example.com
1,8,4,松田 日和,マツダ ヒヨリ,matsuda.hiyori@student.school.example.com
1,8,5,上田 恵子,ウエダ ケイコ,ueda.keiko@student.school.example.com
1,8,6,小林 結菜,コバヤシ ユウナ,kobayashi.yuna@student.school.example.com
1,8,7,木下 あゆみ,キノシタ アユミ,kinoshita.ayumi@student.school.example.com
1,8,8,鈴木 結衣,スズキ ユイ,suzuki.yui@student.school.example.com
1,8,9,宮本 誠,ミヤモト マコト,miyamoto.makoto@student.school.example.com
1,8,10,柴田 由紀,シバタ ユキ,shibata.yuki@student.school.example.com
1,8,11,菊地 杏,キクチ アン,kikuchi.an@student.school.example.com
1,8,12,池田 芽依,イケダ メイ,ikeda.mei@student.school.example.com
1,8,13,石川 朱里,イシカワ アカリ,ishikawa.akari@student.school.example.com
1,8,14,佐々木 瑛太,ササキ エイタ,sasaki.eita@student.school.example.com
1,8,15,松井 日和,マツイ ヒヨリ,matsui.hiyori@student.school.example.com
1,8,16,横山 莉子,ヨコヤマ リコ,yokoyama.riko@student.school.example.com
1,8,17,柴田 彩,シバタ アヤ,shibata.aya@student.school.example.com
1,8,18,坂本 裕子,サカモト ユウコ,sakamoto.yuko@student.school.example.com
1,8,19,石田 浩二,イシダ コウジ,ishida.koji@student.school.example.com
1,8,20,遠藤 心春,エンドウ コハル,endo.koharu@student.school.example.com
1,8,21,石田 莉子,イシダ リコ,ishida.riko@student.school.example.com
1,8,22,杉山 優花,スギヤマ ユウカ,sugiyama.yuka@student.school.example.com
1,8,23,杉本 真由美,スギモト マユミ,sugimoto.mayumi@student.school.example.com
1,8,24,岡本 大輔,オカモト ダイスケ,okamoto.daisuke@student.school.example.com
1,8,25,内田 裕子,ウチダ ユウコ,uchida.yuko@student.school.example.com
1,8,26,山崎 美月,ヤマザキ ミツキ,yamazaki.mitsuki@student.school.example.com
1,8,27,小川 さくら,オガワ サクラ,ogawa.sakura@student.school.example.com
1,8,28,近藤 あゆみ,コンドウ アユミ,kondo.ayumi@student.school.example.com
1,8,29,遠藤 萌,エンドウ モエ,endo.moe@student.school.example.com
1,8,30,遠藤 愛,エンドウ アイ,endo.ai@student.school.example.com
1,8,31,鈴木 朱里,スズキ アカリ,suzuki.akari@student.school.example.com
1,8,32,中島 太一,ナカジマ タイチ,nakajima.taichi@student.school.example.com
1,8,33,長谷川 凛,ハセガワ リン,hasegawa.rin@student.school.example.com
1,8,34,宮本 愛,ミヤモト アイ,miyamoto.ai@student.school.example.com
1,8,35,長谷川 詩,ハセガワ ウタ,hasegawa.uta@student.school.example.com
1,8,36,木下 美月,キノシタ ミツキ,kinoshita.mitsuki@student.school.example.com
1,8,37,原 健太,ハラ ケンタ,hara.kenta@student.school.example.com
1,8,38,山田 航,ヤマダ ワタル,yamada.wataru@student.school.example.com
1,8,39,岡田 陽菜,オカダ ヒナ,okada.hina@student.school.example.com
1,8,40,石田 裕也,イシダ ユウヤ,ishida.yuya@student.school.example.com
1,9,1,松尾 未来,マツオ ミライ,matsuo.mirai1@student.school.example.com
1,9,2,小野 詩,オノ ウタ,ono.uta@student.school.example.com
1,9,3,河野 彩花,コウノ アヤカ,kono.ayaka@student.school.example.com
1,9,4,松田 葵,マツダ アオイ,matsuda.aoi@student.school.example.com
1,9,5,河野 直美,コウノ ナオミ,kono.naomi@student.school.example.com
1,9,6,中野 杏,ナカノ アン,nakano.an@student.school.example.com
1,9,7,坂本 裕也,サカモト ユウヤ,sakamoto.yuya@student.school.example.com
1,9,8,村上 暖,ムラカミ ダン,murakami.dan@student.school.example.com
1,9,9,林 朝陽,ハヤシ アサヒ,hayashi.asahi@student.school.example.com
1,9,10,太田 悠太,オオタ ユウタ,ota.yuta@student.school.example.com
1,9,11,丸山 樹,マルヤマ イツキ,maruyama.itsuki@student.school.example.com
1,9,12,中島 律,ナカジマ リツ,nakajima.ritsu@student.school.example.com
1,9,13,横山 光,ヨコヤマ ヒカル,yokoyama.hikaru@student.school.example.com
1,9,14,久保 彩花,クボ アヤカ,kubo.ayaka@student.school.example.com
1,9,15,平野 優,ヒラノ ユウ,hirano.yu@student.school.example.com
1,9,16,松本 朝陽,マツモト アサヒ,matsumoto.asahi@student.school.example.com
1,9,17,藤井 暖,フジイ ダン,fujii.dan@student.school.example.com
1,9,18,原田 湊,ハラダ ミナト,harada.minato@student.school.example.com
1,9,19,西村 一郎,ニシムラ イチロウ,nishimura.ichiro@student.school.example.com
1,9,20,丸山 大地,マルヤマ ダイチ,maruyama.daichi@student.school.example.com
1,9,21,遠藤 拓海,エンドウ タクミ,endo.takumi1@student.school.example.com
1,9,22,山本 美羽,ヤマモト ミウ,yamamoto.miu@student.school.example.com
1,9,23,藤井 大地,フジイ ダイチ,fujii.daichi@student.school.example.com
1,9,24,菊地 美月,キクチ ミツキ,kikuchi.mitsuki@student.school.example.com
1,9,25,井上 一郎,イノウエ イチロウ,inoue.ichiro@student.school.example.com
1,9,26,村田 優,ムラタ ユウ,murata.yu@student.school.example.com
1,9,27,工藤 楓,クドウ カエデ,kudo.kaede@student.school.example.com
1,9,28,森田 あゆみ,モリタ アユミ,morita.ayumi@student.school.example.com
1,9,29,山崎 勇気,ヤマザキ ユウキ,yamazaki.yuuki1@student.school.example.com
1,9,30,村上 楓,ムラカミ カエデ,murakami.kaede@student.school.example.com
1,9,31,木村 和也,キムラ カズヤ,kimura.kazuya@student.school.example.com
1,9,32,和田 美月,ワダ ミツキ,wada.mitsuki@student.school.example.com
1,9,33,加藤 遥,カトウ ハルカ,kato.haruka@student.school.example.com
1,9,34,野村 勇気,ノムラ ユウキ,nomura.yuuki@student.school.example.com
1,9,35,池田 陽翔,イケダ ハルト,ikeda.haruto@student.school.example.com
1,9,36,杉山 駿,スギヤマ シュン,sugiyama.shun1@student.school.example.com
1,9,37,吉田 大翔,ヨシダ ヒロト,yoshida.hiroto@student.school.example.com
1,9,38,林 愛,ハヤシ アイ,hayashi.ai@student.school.example.com
1,9,39,石井 奈々,イシイ ナナ,ishii.nana@student.school.example.com
1,9,40,平野 香織,ヒラノ カオリ,hirano.kaori@student.school.example.com
2,1,1,岡田 朱里,オカダ アカリ,okada.akari@student.school.example.com
2,1,2,田村 心春,タムラ コハル,tamura.koharu@student.school.example.com
2,1,3,森田 駿,モリタ シュン,morita.shun@student.school.example.com
2,1,4,久保 葵,クボ アオイ,kubo.aoi@student.school.example.com
2,1,5,福田 真央,フクダ マオ,fukuda.mao@student.school.example.com
2,1,6,千葉 慎一,チバ シンイチ,chiba.shinichi@student.school.example.com
2,1,7,松井 隆,マツイ タカシ,matsui.takashi@student.school.example.com
2,1,8,前田 律,マエダ リツ,maeda.ritsu@student.school.example.com
2,1,9,近藤 太一,コンドウ タイチ,kondo.taichi@student.school.example.com
2,1,10,橋本 奏太,ハシモト ソウタ,hashimoto.souta@student.school.example.com
2,1,11,石川 美羽,イシカワ ミウ,ishikawa.miu@student.school.example.com
2,1,12,加藤 悠斗,カトウ ユウト,kato.yuto@student.school.example.com
2,1,13,佐藤 凛,サトウ リン,sato.rin@student.school.example.com
2,1,14,原 萌,ハラ モエ,hara.moe@student.school.example.com
2,1,15,工藤 航,クドウ ワタル,kudo.wataru@student.school.example.com
2,1,16,伊藤 暖,イトウ ダン,ito.dan@student.school.example.com
2,1,17,青木 優,アオキ ユウ,aoki.yu@student.school.example.com
2,1,18,宮崎 正樹,ミヤザキ マサキ,miyazaki.masaki@student.school.example.com
2,1,19,後藤 龍生,ゴトウ リュウセイ,goto.ryusei@student.school.example.com
2,1,20,野村 彩,ノムラ アヤ,nomura.aya@student.school.example.com
2,1,21,松尾 結翔,マツオ ユイト,matsuo.yuito@student.school.example.com
2,1,22,上田 直人,ウエダ ナオト,ueda.naoto@student.school.example.com
2,1,23,今井 新,イマイ アラタ,imai.arata@student.school.example.com
2,1,24,木下 陽翔,キノシタ ハルト,kinoshita.haruto@student.school.example.com
2,1,25,坂本 蓮,サカモト レン,sakamoto.ren@student.school.example.com
2,1,26,加藤 慎一,カトウ シンイチ,kato.shinichi@student.school.example.com
2,1,27,阿部 裕也,アベ ユウヤ,abe.yuya@student.school.example.com
2,1,28,平野 真央,ヒラノ マオ,hirano.mao@student.school.example.com
2,1,29,青木 紬,アオキ ツムギ,aoki.tsumugi@student.school.example.com
2,1,30,林 莉子,ハヤシ リコ,hayashi.riko@student.school.example.com
2,1,31,西村 陽菜,ニシムラ ヒナ,nishimura.hina@student.school.example.com
2,1,32,坂本 結菜,サカモト ユウナ,sakamoto.yuna@student.school.example.com
2,1,33,今井 咲良,イマイ サクラ,imai.sakura@student.school.example.com
2,1,34,森田 太一,モリタ タイチ,morita.taichi@student.school.example.com
2,1,35,平野 拓海,ヒラノ タクミ,hirano.takumi@student.school.example.com
2,1,36,柴田 裕子,シバタ ユウコ,shibata.yuko@student.school.example.com
2,1,37,野口 海斗,ノグチ カイト,noguchi.kaito@student.school.example.com
2,1,38,田中 浩二,タナカ コウジ,tanaka.koji@student.school.example.com
2,1,39,後藤 遥,ゴトウ ハルカ,goto.haruka@student.school.example.com
2,1,40,久保 健太,クボ ケンタ,kubo.kenta@student.school.example.com
2,2,1,坂本 遥,サカモト ハルカ,sakamoto.haruka@student.school.example.com
2,2,2,渡辺 湊,ワタナベ ミナト,watanabe.minato@student.school.example.com
2,2,3,工藤 朱里,クドウ アカリ,kudo.akari@student.school.example.com
2,2,4,佐々木 紬,ササキ ツムギ,sasaki.tsumugi@student.school.example.com
2,2,5,遠藤 樹,エンドウ イツキ,endo.itsuki@student.school.example.com
2,2,6,菅原 芽依,スガワラ メイ,sugawara.mei@student.school.example.com
2,2,7,菊地 美月,キクチ ミツキ,kikuchi.mitsuki1@student.school.example.com
2,2,8,山田 詩,ヤマダ ウタ,yamada.uta@student.school.example.com
2,2,9,松田 凛,マツダ リン,matsuda.rin@student.school.example.com
2,2,10,藤原 裕子,フジワラ ユウコ,fujiwara.yuko@student.school.example.com
2,2,11,杉本 誠,スギモト マコト,sugimoto.makoto1@student.school.example.com
2,2,12,橋本 直美,ハシモト ナオミ,hashimoto.naomi@student.school.example.com
2,2,13,中山 咲良,ナカヤマ サクラ,nakayama.sakura@student.school.example.com
2,2,14,青木 陽菜,アオキ ヒナ,aoki.hina@student.school.example.com
2,2,15,河野 翔太,コウノ ショウタ,kono.shota@student.school.example.com
2,2,16,宮崎 浩二,ミヤザキ コウジ,miyazaki.koji@student.school.example.com
2,2,17,太田 海斗,オオタ カイト,ota.kaito@student.school.example.com
2,2,18,三浦 直人,ミウラ ナオト,miura.naoto@student.school.example.com
2,2,19,和田 琴音,ワダ コトネ,wada.kotone@student.school.example.com
2,2,20,佐藤 七海,サトウ ナナミ,sato.nanami@student.school.example.com
2,2,21,酒井 凛,サカイ リン,sakai.rin@student.school.example.com
2,2,22,山本 朝陽,ヤマモト アサヒ,yamamoto.asahi@student.school.example.com
2,2,23,谷口 由紀,タニグチ ユキ,taniguchi.yuki@student.school.example.com
2,2,24,千葉 咲良,チバ サクラ,chiba.sakura@student.school.example.com
2,2,25,野村 紬,ノムラ ツムギ,nomura.tsumugi@student.school.example.com
2,2,26,山本 蒼,ヤマモト アオイ,yamamoto.aoi@student.school.example.com
2,2,27,坂本 美羽,サカモト ミウ,sakamoto.miu@student.school.example.com
2,2,28,清水 優,シミズ ユウ,shimizu.yu@student.school.example.com
2,2,29,森田 美月,モリタ ミツキ,morita.mitsuki@student.school.example.com
2,2,30,林 大輔,ハヤシ ダイスケ,hayashi.daisuke@student.school.example.com
2,2,31,野村 奈々,ノムラ ナナ,nomura.nana@student.school.example.com
2,2,32,長谷川 悠斗,ハセガワ ユウト,hasegawa.yuto@student.school.example.com
2,2,33,福田 美羽,フクダ ミウ,fukuda.miu@student.school.example.com
2,2,34,鈴木 美羽,スズキ ミウ,suzuki.miu1@student.school.example.com
2,2,35,中山 浩二,ナカヤマ コウジ,nakayama.koji@student.school.example.com
2,2,36,岡田 直人,オカダ ナオト,okada.naoto@student.school.example.com
2,2,37,酒井 悠太,サカイ ユウタ,sakai.yuta@student.school.example.com
2,2,38,木下 陽翔,キノシタ ハルト,kinoshita.haruto1@student.school.example.com
2,2,39,内田 航,ウチダ ワタル,uchida.wataru@student.school.example.com
2,2,40,安藤 瑛太,アンドウ エイタ,ando.eita@student.school.example.com
2,3,1,石井 楓,イシイ カエデ,ishii.kaede@student.school.example.com
2,3,2,工藤 大翔,クドウ ヒロト,kudo.hiroto@student.school.example.com
2,3,3,宮崎 美羽,ミヤザキ ミウ,miyazaki.miu@student.school.example.com
2,3,4,森 綾香,モリ アヤカ,mori.ayaka@student.school.example.com
2,3,5,中島 萌,ナカジマ モエ,nakajima.moe@student.school.example.com
2,3,6,安藤 颯太,アンドウ ソウタ,ando.sota@student.school.example.com
2,3,7,小林 光,コバヤシ ヒカル,kobayashi.hikaru@student.school.example.com
2,3,8,石井 あゆみ,イシイ アユミ,ishii.ayumi@student.school.example.com
2,3,9,高木 瑛太,タカギ エイタ,takagi.eita@student.school.example.com
2,3,10,佐藤 優,サトウ ユウ,sato.yu@student.school.example.com
2,3,11,西村 彩,ニシムラ アヤ,nishimura.aya@student.school.example.com
2,3,12,菅原 美月,スガワラ ミツキ,sugawara.mitsuki@student.school.example.com
2,3,13,池田 心春,イケダ コハル,ikeda.koharu@student.school.example.com
2,3,14,丸山 楓,マルヤマ カエデ,maruyama.kaede@student.school.example.com
2,3,15,松田 直美,マツダ ナオミ,matsuda.naomi@student.school.example.com
2,3,16,河野 七海,コウノ ナナミ,kono.nanami@student.school.example.com
2,3,17,田村 杏,タムラ アン,tamura.an@student.school.example.com
2,3,18,三浦 朝陽,ミウラ アサヒ,miura.asahi@student.school.example.com
2,3,19,長谷川 遥,ハセガワ ハルカ,hasegawa.haruka@student.school.example.com
2,3,20,竹内 暖,タケウチ ダン,takeuchi.dan@student.school.example.com
2,3,21,中山 拓海,ナカヤマ タクミ,nakayama.takumi@student.school.example.com
2,3,22,太田 詩,オオタ ウタ,ota.uta@student.school.example.com
2,3,23,田村 綾香,タムラ アヤカ,tamura.ayaka@student.school.example.com
2,3,24,松尾 陽翔,マツオ ハルト,matsuo.haruto@student.school.example.com
2,3,25,内田 翔太,ウチダ ショウタ,uchida.shota@student.school.example.com
2,3,26,清水 結菜,シミズ ユウナ,shimizu.yuna@student.school.example.com
2,3,27,久保 直美,クボ ナオミ,kubo.naomi@student.school.example.com
2,3,28,松本 紬,マツモト ツムギ,matsumoto.tsumugi@student.school.example.com
2,3,29,松本 彩花,マツモト アヤカ,matsumoto.ayaka@student.school.example.com
2,3,30,宮崎 一郎,ミヤザキ イチロウ,miyazaki.ichiro@student.school.example.com
2,3,31,森 凛,モリ リン,mori.rin@student.school.example.com
2,3,32,佐々木 陽翔,ササキ ハルト,sasaki.haruto@student.school.example.com
2,3,33,加藤 詩,カトウ ウタ,kato.uta@student.school.example.com
2,3,34,近藤 あゆみ,コンドウ アユミ,kondo.ayumi1@student.school.example.com
2,3,35,千葉 花子,チバ ハナコ,chiba.hanako@student.school.example.com
2,3,36,佐々木 太一,ササキ タイチ,sasaki.taichi@student.school.example.com
2,3,37,藤原 日和,フジワラ ヒヨリ,fujiwara.hiyori@student.school.example.com
2,3,38,田村 美咲,タムラ ミサキ,tamura.misaki@student.school.example.com
2,3,39,野村 美月,ノムラ ミツキ,nomura.mitsuki@student.school.example.com
2,3,40,今井 翔太,イマイ ショウタ,imai.shota@student.school.example.com
2,4,1,千葉 和也,チバ カズヤ,chiba.kazuya@student.school.example.com
2,4,2,長谷川 優,ハセガワ ユウ,hasegawa.yu@student.school.example.com
2,4,3,後藤 浩二,ゴトウ コウジ,goto.koji@student.school.example.com
2,4,4,柴田 隆,シバタ タカシ,shibata.takashi@student.school.example.com
2,4,5,菊地 隆,キクチ タカシ,kikuchi.takashi@student.school.example.com
2,4,6,森田 陸,モリタ リク,morita.riku@student.school.example.com
2,4,7,西村 大輔,ニシムラ ダイスケ,nishimura.daisuke@student.school.example.com
2,4,8,渡辺 裕子,ワタナベ ユウコ,watanabe.yuko@student.school.example.com
2,4,9,中村 航,ナカムラ ワタル,nakamura.wataru@student.school.example.com
2,4,10,中野 恵子,ナカノ ケイコ,nakano.keiko@student.school.example.com
2,4,11,柴田 蓮,シバタ レン,shibata.ren@student.school.example.com
2,4,12,石田 彩花,イシダ アヤカ,ishida.ayaka@student.school.example.com
2,4,13,中山 真央,ナカヤマ マオ,nakayama.mao@student.school.example.com
2,4,14,山崎 陸,ヤマザキ リク,yamazaki.riku@student.school.example.com
2,4,15,石川 太一,イシカワ タイチ,ishikawa.taichi@student.school.example.com
2,4,16,松井 真由美,マツイ マユミ,matsui.mayumi@student.school.example.com
2,4,17,千葉 奏太,チバ ソウタ,chiba.souta@student.school.example.com
2,4,18,内田 未来,ウチダ ミライ,uchida.mirai@student.school.example.com
2,4,19,森 暖,モリ ダン,mori.dan@student.school.example.com
2,4,20,酒井 海斗,サカイ カイト,sakai.kaito1@student.school.example.com
2,4,21,宮崎 海斗,ミヤザキ カイト,miyazaki.kaito@student.school.example.com
2,4,22,杉本 一郎,スギモト イチロウ,sugimoto.ichiro@student.school.example.com
2,4,23,酒井 優,サカイ ユウ,sakai.yu@student.school.example.com
2,4,24,今井 悠斗,イマイ ユウト,imai.yuto@student.school.example.com
2,4,25,加藤 紬,カトウ ツムギ,kato.tsumugi@student.school.example.com
2,4,26,松田 彩,マツダ アヤ,matsuda.aya@student.school.example.com
2,4,27,西村 葵,ニシムラ アオイ,nishimura.aoi@student.school.example.com
2,4,28,村上 杏,ムラカミ アン,murakami.an@student.school.example.com
2,4,29,西村 結翔,ニシムラ ユイト,nishimura.yuito@student.school.example.com
2,4,30,竹内 楓,タケウチ カエデ,takeuchi.kaede@student.school.example.com
2,4,31,井上 奏太,イノウエ ソウタ,inoue.souta@student.school.example.com
2,4,32,田村 遥,タムラ ハルカ,tamura.haruka@student.school.example.com
2,4,33,中野 遥,ナカノ ハルカ,nakano.haruka@student.school.example.com
2,4,34,藤井 航,フジイ ワタル,fujii.wataru@student.school.example.com
2,4,35,高橋 花子,タカハシ ハナコ,takahashi.hanako@student.school.example.com
2,4,36,遠藤 一郎,エンドウ イチロウ,endo.ichiro@student.school.example.com
2,4,37,杉山 勇気,スギヤマ ユウキ,sugiyama.yuuki@student.school.example.com
2,4,38,野口 咲良,ノグチ サクラ,noguchi.sakura@student.school.example.com
2,4,39,青木 暖,アオキ ダン,aoki.dan@student.school.example.com
2,4,40,野口 さくら,ノグチ サクラ,noguchi.sakura1@student.school.example.com
2,5,1,岡田 朝陽,オカダ アサヒ,okada.asahi@student.school.example.com
2,5,2,千葉 海斗,チバ カイト,chiba.kaito@student.school.example.com
2,5,3,松尾 颯太,マツオ ソウタ,matsuo.sota@student.school.example.com
2,5,4,野村 隆,ノムラ タカシ,nomura.takashi@student.school.example.com
2,5,5,野村 拓海,ノムラ タクミ,nomura.takumi@student.school.example.com
2,5,6,福田 紬,フクダ ツムギ,fukuda.tsumugi@student.school.example.com
2,5,7,伊藤 未来,イトウ ミライ,ito.mirai@student.school.example.com
2,5,8,原田 大地,ハラダ ダイチ,harada.daichi@student.school.example.com
2,5,9,山田 航,ヤマダ ワタル,yamada.wataru1@student.school.example.com
2,5,10,三浦 結衣,ミウラ ユイ,miura.yui@student.school.example.com
2,5,11,石川 結翔,イシカワ ユイト,ishikawa.yuito@student.school.example.com
2,5,12,清水 七海,シミズ ナナミ,shimizu.nanami@student.school.example.com
2,5,13,原田 彩花,ハラダ アヤカ,harada.ayaka@student.school.example.com
2,5,14,高木 瑛太,タカギ エイタ,takagi.eita1@student.school.example.com
2,5,15,阿部 海斗,アベ カイト,abe.kaito@student.school.example.com
2,5,16,横山 航,ヨコヤマ ワタル,yokoyama.wataru@student.school.example.com
2,5,17,岡本 直人,オカモト ナオト,okamoto.naoto@student.school.example.com
2,5,18,酒井 正樹,サカイ マサキ,sakai.masaki@student.school.example.com
2,5,19,森 新,モリ アラタ,mori.arata@student.school.example.com
2,5,20,金子 愛,カネコ アイ,kaneko.ai@student.school.example.com
2,5,21,原田 浩二,ハラダ コウジ,harada.koji@student.school.example.com
2,5,22,金子 一郎,カネコ イチロウ,kaneko.ichiro@student.school.example.com
2,5,23,近藤 日和,コンドウ ヒヨリ,kondo.hiyori@student.school.example.com
2,5,24,林 杏,ハヤシ アン,hayashi.an@student.school.example.com
2,5,25,小野 龍生,オノ リュウセイ,ono.ryusei@student.school.example.com
2,5,26,菅原 真由美,スガワラ マユミ,sugawara.mayumi@student.school.example.com
2,5,27,菊地 恵子,キクチ ケイコ,kikuchi.keiko@student.school.example.com
2,5,28,井上 暖,イノウエ ダン,inoue.dan@student.school.example.com
2,5,29,工藤 大輔,クドウ ダイスケ,kudo.daisuke@student.school.example.com
2,5,30,千葉 愛,チバ アイ,chiba.ai@student.school.example.com
2,5,31,三浦 優花,ミウラ ユウカ,miura.yuka@student.school.example.com
2,5,32,岡田 和也,オカダ カズヤ,okada.kazuya@student.school.example.com
2,5,33,菊地 莉子,キクチ リコ,kikuchi.riko@student.school.example.com
2,5,34,西村 凛,ニシムラ リン,nishimura.rin@student.school.example.com
2,5,35,木村 颯太,キムラ ソウタ,kimura.sota@student.school.example.com
2,5,36,渡辺 翔太,ワタナベ ショウタ,watanabe.shota@student.school.example.com
2,5,37,西村 咲良,ニシムラ サクラ,nishimura.sakura@student.school.example.com
2,5,38,木村 隆,キムラ タカシ,kimura.takashi@student.school.example.com
2,5,39,長谷川 日和,ハセガワ ヒヨリ,hasegawa.hiyori@student.school.example.com
2,5,40,山口 綾香,ヤマグチ アヤカ,yamaguchi.ayaka@student.school.example.com
2,6,1,宮崎 恵子,ミヤザキ ケイコ,miyazaki.keiko@student.school.example.com
2,6,2,杉本 七海,スギモト ナナミ,sugimoto.nanami@student.school.example.com
2,6,3,石井 彩,イシイ アヤ,ishii.aya@student.school.example.com
2,6,4,池田 結衣,イケダ ユイ,ikeda.yui@student.school.example.com
2,6,5,佐々木 隆,ササキ タカシ,sasaki.takashi@student.school.example.com
2,6,6,宮本 優花,ミヤモト ユウカ,miyamoto.yuka@student.school.example.com
2,6,7,中山 光,ナカヤマ ヒカル,nakayama.hikaru@student.school.example.com
2,6,8,伊藤 恵子,イトウ ケイコ,ito.keiko1@student.school.example.com
2,6,9,小川 紬,オガワ ツムギ,ogawa.tsumugi@student.school.example.com
2,6,10,森田 奏太,モリタ ソウタ,morita.souta@student.school.example.com
2,6,11,原田 隆,ハラダ タカシ,harada.takashi@student.school.example.com
2,6,12,小野 七海,オノ ナナミ,ono.nanami@student.school.example.com
2,6,13,木下 さくら,キノシタ サクラ,kinoshita.sakura@student.school.example.com
2,6,14,中村 花子,ナカムラ ハナコ,nakamura.hanako@student.school.example.com
2,6,15,遠藤 朝陽,エンドウ アサヒ,endo.asahi@student.school.example.com
2,6,16,林 杏,ハヤシ アン,hayashi.an1@student.school.example.com
2,6,17,山田 律,ヤマダ リツ,yamada.ritsu@student.school.example.com
2,6,18,木下 萌,キノシタ モエ,kinoshita.moe@student.school.example.com
2,6,19,高橋 勇気,タカハシ ユウキ,takahashi.yuuki@student.school.example.com
2,6,20,藤原 大翔,フジワラ ヒロト,fujiwara.hiroto@student.school.example.com
2,6,21,清水 真央,シミズ マオ,shimizu.mao@student.school.example.com
2,6,22,前田 和也,マエダ カズヤ,maeda.kazuya@student.school.example.com
2,6,23,河野 蒼,コウノ アオイ,kono.aoi1@student.school.example.com
2,6,24,久保 律,クボ リツ,kubo.ritsu@student.school.example.com
2,6,25,後藤 直美,ゴトウ ナオミ,goto.naomi@student.school.example.com
2,6,26,森 萌,モリ モエ,mori.moe@student.school.example.com
2,6,27,佐藤 光,サトウ ヒカル,sato.hikaru@student.school.example.com
2,6,28,森 大地,モリ ダイチ,mori.daichi@student.school.example.com
2,6,29,今井 海斗,イマイ カイト,imai.kaito@student.school.example.com
2,6,30,石川 直人,イシカワ ナオト,ishikawa.naoto@student.school.example.com
2,6,31,松尾 大輔,マツオ ダイスケ,matsuo.daisuke@student.school.example.com
2,6,32,清水 一郎,シミズ イチロウ,shimizu.ichiro@student.school.example.com
2,6,33,中野 奏太,ナカノ ソウタ,nakano.souta@student.school.example.com
2,6,34,久保 裕子,クボ ユウコ,kubo.yuko@student.school.example.com
2,6,35,高橋 湊,タカハシ ミナト,takahashi.minato@student.school.example.com
2,6,36,近藤 勇気,コンドウ ユウキ,kondo.yuuki@student.school.example.com
2,6,37,清水 結衣,シミズ ユイ,shimizu.yui@student.school.example.com
2,6,38,大野 直人,オオノ ナオト,ohno.naoto@student.school.example.com
2,6,39,小林 詩,コバヤシ ウタ,kobayashi.uta@student.school.example.com
2,6,40,原 由紀,ハラ ユキ,hara.yuki@student.school.example.com
2,7,1,安藤 彩,アンドウ アヤ,ando.aya@student.school.example.com
2,7,2,井上 心春,イノウエ コハル,inoue.koharu@student.school.example.com
2,7,3,高木 新,タカギ アラタ,takagi.arata@student.school.example.com
2,7,4,松井 拓海,マツイ タクミ,matsui.takumi@student.school.example.com
2,7,5,松尾 朱里,マツオ アカリ,matsuo.akari@student.school.example.com
2,7,6,西村 杏,ニシムラ アン,nishimura.an@student.school.example.com
2,7,7,木下 大輔,キノシタ ダイスケ,kinoshita.daisuke@student.school.example.com
2,7,8,中村 楓,ナカムラ カエデ,nakamura.kaede@student.school.example.com
2,7,9,和田 葵,ワダ アオイ,wada.aoi@student.school.example.com
2,7,10,井上 美月,イノウエ ミツキ,inoue.mitsuki@student.school.example.com
2,7,11,森田 正樹,モリタ マサキ,morita.masaki@student.school.example.com
2,7,12,吉田 裕子,ヨシダ ユウコ,yoshida.yuko@student.school.example.com
2,7,13,野口 蓮,ノグチ レン,noguchi.ren@student.school.example.com
2,7,14,小林 大地,コバヤシ ダイチ,kobayashi.daichi@student.school.example.com
2,7,15,遠藤 香織,エンドウ カオリ,endo.kaori@student.school.example.com
2,7,16,菊地 未来,キクチ ミライ,kikuchi.mirai@student.school.example.com
2,7,17,河野 裕子,コウノ ユウコ,kono.yuko@student.school.example.com
2,7,18,田村 萌,タムラ モエ,tamura.moe@student.school.example.com
2,7,19,大野 航,オオノ ワタル,ohno.wataru@student.school.example.com
2,7,20,宮崎 結菜,ミヤザキ ユウナ,miyazaki.yuna@student.school.example.com
2,7,21,野口 芽依,ノグチ メイ,noguchi.mei@student.school.example.com
2,7,22,松本 直人,マツモト ナオト,matsumoto.naoto@student.school.example.com
2,7,23,佐々木 美羽,ササキ ミウ,sasaki.miu@student.school.example.com
2,7,24,小川 芽依,オガワ メイ,ogawa.mei@student.school.example.com
2,7,25,原 暖,ハラ ダン,hara.dan@student.school.example.com
2,7,26,中山 あゆみ,ナカヤマ アユミ,nakayama.ayumi@student.school.example.com
2,7,27,宮崎 陽菜,ミヤザキ ヒナ,miyazaki.hina@student.school.example.com
2,7,28,石井 隆,イシイ タカシ,ishii.takashi@student.school.example.com
2,7,29,太田 葵,オオタ アオイ,ota.aoi@student.school.example.com
2,7,30,太田 海斗,オオタ カイト,ota.kaito1@student.school.example.com
2,7,31,小野 陽翔,オノ ハルト,ono.haruto@student.school.example.com
2,7,32,工藤 和也,クドウ カズヤ,kudo.kazuya@student.school.example.com
2,7,33,山田 太一,ヤマダ タイチ,yamada.taichi@student.school.example.com
2,7,34,山田 芽依,ヤマダ メイ,yamada.mei@student.school.example.com
2,7,35,松本 恵子,マツモト ケイコ,matsumoto.keiko@student.school.example.com
2,7,36,清水 愛,シミズ アイ,shimizu.ai@student.school.example.com
2,7,37,中村 彩,ナカムラ アヤ,nakamura.aya@student.school.example.com
2,7,38,藤本 愛,フジモト アイ,fujimoto.ai@student.school.example.com
2,7,39,藤原 悠太,フジワラ ユウタ,fujiwara.yuta@student.school.example.com
2,7,40,中山 さくら,ナカヤマ サクラ,nakayama.sakura1@student.school.example.com
2,8,1,杉本 葵,スギモト アオイ,sugimoto.aoi@student.school.example.com
2,8,2,山本 優,ヤマモト ユウ,yamamoto.yu@student.school.example.com
2,8,3,平野 裕也,ヒラノ ユウヤ,hirano.yuya@student.school.example.com
2,8,4,中野 誠,ナカノ マコト,nakano.makoto@student.school.example.com
2,8,5,村田 結菜,ムラタ ユウナ,murata.yuna@student.school.example.com
2,8,6,小川 陽翔,オガワ ハルト,ogawa.haruto@student.school.example.com
2,8,7,松尾 楓,マツオ カエデ,matsuo.kaede@student.school.example.com
2,8,8,岡田 誠,オカダ マコト,okada.makoto@student.school.example.com
2,8,9,松田 愛,マツダ アイ,matsuda.ai@student.school.example.com
2,8,10,小野 直人,オノ ナオト,ono.naoto@student.school.example.com
2,8,11,遠藤 遥,エンドウ ハルカ,endo.haruka@student.school.example.com
2,8,12,岡田 葵,オカダ アオイ,okada.aoi@student.school.example.com
2,8,13,藤本 香織,フジモト カオリ,fujimoto.kaori@student.school.example.com
2,8,14,松井 愛,マツイ アイ,matsui.ai@student.school.example.com
2,8,15,田中 奈々,タナカ ナナ,tanaka.nana@student.school.example.com
2,8,16,松尾 瑛太,マツオ エイタ,matsuo.eita@student.school.example.com
2,8,17,田中 樹,タナカ イツキ,tanaka.itsuki@student.school.example.com
2,8,18,坂本 裕也,サカモト ユウヤ,sakamoto.yuya1@student.school.example.com
2,8,19,岡本 千尋,オカモト チヒロ,okamoto.chihiro@student.school.example.com
2,8,20,佐藤 樹,サトウ イツキ,sato.itsuki@student.school.example.com
2,8,21,森 真央,モリ マオ,mori.mao@student.school.example.com
2,8,22,松尾 陽菜,マツオ ヒナ,matsuo.hina@student.school.example.com
2,8,23,小林 蓮,コバヤシ レン,kobayashi.ren@student.school.example.com
2,8,24,菊地 大輔,キクチ ダイスケ,kikuchi.daisuke@student.school.example.com
2,8,25,山田 彩花,ヤマダ アヤカ,yamada.ayaka@student.school.example.com
2,8,26,小川 真由美,オガワ マユミ,ogawa.mayumi@student.school.example.com
2,8,27,石井 杏,イシイ アン,ishii.an@student.school.example.com
2,8,28,岡本 悠斗,オカモト ユウト,okamoto.yuto@student.school.example.com
2,8,29,小野 裕也,オノ ユウヤ,ono.yuya@student.school.example.com
2,8,30,三浦 真央,ミウラ マオ,miura.mao@student.school.example.com
2,8,31,平野 太一,ヒラノ タイチ,hirano.taichi@student.school.example.com
2,8,32,山本 陽翔,ヤマモト ハルト,yamamoto.haruto@student.school.example.com
2,8,33,橋本 香織,ハシモト カオリ,hashimoto.kaori@student.school.example.com
2,8,34,山本 太一,ヤマモト タイチ,yamamoto.taichi@student.school.example.com
2,8,35,坂本 紬,サカモト ツムギ,sakamoto.tsumugi@student.school.example.com
2,8,36,松尾 葵,マツオ アオイ,matsuo.aoi@student.school.example.com
2,8,37,宮本 奈々,ミヤモト ナナ,miyamoto.nana@student.school.example.com
2,8,38,森田 結衣,モリタ ユイ,morita.yui@student.school.example.com
2,8,39,坂本 律,サカモト リツ,sakamoto.ritsu@student.school.example.com
2,8,40,安藤 直人,アンドウ ナオト,ando.naoto@student.school.example.com
2,9,1,松田 芽依,マツダ メイ,matsuda.mei@student.school.example.com
2,9,2,木村 優,キムラ ユウ,kimura.yu@student.school.example.com
2,9,3,久保 美月,クボ ミツキ,kubo.mitsuki@student.school.example.com
2,9,4,大野 裕也,オオノ ユウヤ,ohno.yuya@student.school.example.com
2,9,5,渡辺 新,ワタナベ アラタ,watanabe.arata@student.school.example.com
2,9,6,金子 萌,カネコ モエ,kaneko.moe@student.school.example.com
2,9,7,中村 太郎,ナカムラ タロウ,nakamura.taro@student.school.example.com
2,9,8,前田 駿,マエダ シュン,maeda.shun@student.school.example.com
2,9,9,小川 颯太,オガワ ソウタ,ogawa.sota@student.school.example.com
2,9,10,村上 航,ムラカミ ワタル,murakami.wataru@student.school.example.com
2,9,11,三浦 悠太,ミウラ ユウタ,miura.yuta@student.school.example.com
2,9,12,佐藤 咲良,サトウ サクラ,sato.sakura1@student.school.example.com
2,9,13,柴田 湊,シバタ ミナト,shibata.minato@student.school.example.com
2,9,14,清水 真由美,シミズ マユミ,shimizu.mayumi@student.school.example.com
2,9,15,丸山 暖,マルヤマ ダン,maruyama.dan@student.school.example.com
2,9,16,高木 愛,タカギ アイ,takagi.ai@student.school.example.com
2,9,17,杉本 さくら,スギモト サクラ,sugimoto.sakura@student.school.example.com
2,9,18,加藤 花子,カトウ ハナコ,kato.hanako@student.school.example.com
2,9,19,渡辺 芽依,ワタナベ メイ,watanabe.mei@student.school.example.com
2,9,20,高橋 杏,タカハシ アン,takahashi.an@student.school.example.com
2,9,21,加藤 美咲,カトウ ミサキ,kato.misaki@student.school.example.com
2,9,22,村田 葵,ムラタ アオイ,murata.aoi@student.school.example.com
2,9,23,村田 陽菜,ムラタ ヒナ,murata.hina@student.school.example.com
2,9,24,菊地 結衣,キクチ ユイ,kikuchi.yui@student.school.example.com
2,9,25,藤井 直人,フジイ ナオト,fujii.naoto@student.school.example.com
2,9,26,和田 健太,ワダ ケンタ,wada.kenta@student.school.example.com
2,9,27,三浦 陸,ミウラ リク,miura.riku@student.school.example.com
2,9,28,千葉 杏,チバ アン,chiba.an@student.school.example.com
2,9,29,原田 浩二,ハラダ コウジ,harada.koji1@student.school.example.com
2,9,30,柴田 誠,シバタ マコト,shibata.makoto@student.school.example.com
2,9,31,石田 芽依,イシダ メイ,ishida.mei@student.school.example.com
2,9,32,久保 陽菜,クボ ヒナ,kubo.hina@student.school.example.com
2,9,33,大野 太一,オオノ タイチ,ohno.taichi@student.school.example.com
2,9,34,金子 裕也,カネコ ユウヤ,kaneko.yuya@student.school.example.com
2,9,35,岡本 新,オカモト アラタ,okamoto.arata@student.school.example.com
2,9,36,藤原 陸,フジワラ リク,fujiwara.riku@student.school.example.com
2,9,37,加藤 琴音,カトウ コトネ,kato.kotone1@student.school.example.com
2,9,38,菊地 直人,キクチ ナオト,kikuchi.naoto@student.school.example.com
2,9,39,大野 琴音,オオノ コトネ,ohno.kotone@student.school.example.com
2,9,40,中島 千尋,ナカジマ チヒロ,nakajima.chihiro@student.school.example.com
3,1,1,松田 蓮,マツダ レン,matsuda.ren@student.school.example.com
3,1,2,長谷川 誠,ハセガワ マコト,hasegawa.makoto@student.school.example.com
3,1,3,森 海斗,モリ カイト,mori.kaito@student.school.example.com
3,1,4,藤田 湊,フジタ ミナト,fujita.minato@student.school.example.com
3,1,5,野口 陽翔,ノグチ ハルト,noguchi.haruto@student.school.example.com
3,1,6,佐々木 正樹,ササキ マサキ,sasaki.masaki@student.school.example.com
3,1,7,石川 咲良,イシカワ サクラ,ishikawa.sakura@student.school.example.com
3,1,8,酒井 真央,サカイ マオ,sakai.mao@student.school.example.com
3,1,9,菅原 心春,スガワラ コハル,sugawara.koharu@student.school.example.com
3,1,10,杉山 香織,スギヤマ カオリ,sugiyama.kaori@student.school.example.com
3,1,11,三浦 美咲,ミウラ ミサキ,miura.misaki@student.school.example.com
3,1,12,池田 紬,イケダ ツムギ,ikeda.tsumugi@student.school.example.com
3,1,13,小林 詩,コバヤシ ウタ,kobayashi.uta1@student.school.example.com
3,1,14,森田 駿,モリタ シュン,morita.shun1@student.school.example.com
3,1,15,遠藤 彩,エンドウ アヤ,endo.aya@student.school.example.com
3,1,16,中村 さくら,ナカムラ サクラ,nakamura.sakura@student.school.example.com
3,1,17,高木 正樹,タカギ マサキ,takagi.masaki@student.school.example.com
3,1,18,福田 莉子,フクダ リコ,fukuda.riko@student.school.example.com
3,1,19,原 翔太,ハラ ショウタ,hara.shota@student.school.example.com
3,1,20,中村 恵子,ナカムラ ケイコ,nakamura.keiko@student.school.example.com
3,1,21,青木 正樹,アオキ マサキ,aoki.masaki@student.school.example.com
3,1,22,木下 浩二,キノシタ コウジ,kinoshita.koji@student.school.example.com
3,1,23,松井 萌,マツイ モエ,matsui.moe@student.school.example.com
3,1,24,高木 綾香,タカギ アヤカ,takagi.ayaka@student.school.example.com
3,1,25,酒井 未来,サカイ ミライ,sakai.mirai@student.school.example.com
3,1,26,河野 拓海,コウノ タクミ,kono.takumi@student.school.example.com
3,1,27,原 遥,ハラ ハルカ,hara.haruka@student.school.example.com
3,1,28,佐々木 朝陽,ササキ アサヒ,sasaki.asahi@student.school.example.com
3,1,29,三浦 奈々,ミウラ ナナ,miura.nana@student.school.example.com
3,1,30,工藤 結菜,クドウ ユウナ,kudo.yuna@student.school.example.com
3,1,31,池田 慎一,イケダ シンイチ,ikeda.shinichi@student.school.example.com
3,1,32,原 誠,ハラ マコト,hara.makoto@student.school.example.com
3,1,33,岡本 太一,オカモト タイチ,okamoto.taichi@student.school.example.com
3,1,34,高木 湊,タカギ ミナト,takagi.minato@student.school.example.com
3,1,35,渡辺 大翔,ワタナベ ヒロト,watanabe.hiroto1@student.school.example.com
3,1,36,森田 紬,モリタ ツムギ,morita.tsumugi@student.school.example.com
3,1,37,大野 朱里,オオノ アカリ,ohno.akari@student.school.example.com
3,1,38,松井 悠斗,マツイ ユウト,matsui.yuto@student.school.example.com
3,1,39,原田 恵子,ハラダ ケイコ,harada.keiko@student.school.example.com
3,1,40,青木 綾香,アオキ アヤカ,aoki.ayaka@student.school.example.com
3,2,1,中山 あゆみ,ナカヤマ アユミ,nakayama.ayumi1@student.school.example.com
3,2,2,平野 勇気,ヒラノ ユウキ,hirano.yuuki@student.school.example.com
3,2,3,野村 直美,ノムラ ナオミ,nomura.naomi@student.school.example.com
3,2,4,小林 直美,コバヤシ ナオミ,kobayashi.naomi1@student.school.example.com
3,2,5,松本 愛,マツモト アイ,matsumoto.ai@student.school.example.com
3,2,6,竹内 優,タケウチ ユウ,takeuchi.yu@student.school.example.com
3,2,7,村上 奈々,ムラカミ ナナ,murakami.nana@student.school.example.com
3,2,8,池田 直美,イケダ ナオミ,ikeda.naomi@student.school.example.com
3,2,9,吉田 未来,ヨシダ ミライ,yoshida.mirai@student.school.example.com
3,2,10,松尾 蓮,マツオ レン,matsuo.ren@student.school.example.com
3,2,11,松田 裕也,マツダ ユウヤ,matsuda.yuya@student.school.example.com
3,2,12,佐々木 花子,ササキ ハナコ,sasaki.hanako@student.school.example.com
3,2,13,清水 萌,シミズ モエ,shimizu.moe@student.school.example.com
3,2,14,吉田 裕也,ヨシダ ユウヤ,yoshida.yuya@student.school.example.com
3,2,15,藤本 真由美,フジモト マユミ,fujimoto.mayumi@student.school.example.com
3,2,16,木下 直美,キノシタ ナオミ,kinoshita.naomi@student.school.example.com
3,2,17,清水 彩花,シミズ アヤカ,shimizu.ayaka@student.school.example.com
3,2,18,山田 葵,ヤマダ アオイ,yamada.aoi1@student.school.example.com
3,2,19,安藤 由紀,アンドウ ユキ,ando.yuki@student.school.example.com
3,2,20,高橋 由紀,タカハシ ユキ,takahashi.yuki@student.school.example.com
3,2,21,福田 樹,フクダ イツキ,fukuda.itsuki@student.school.example.com
3,2,22,小川 あゆみ,オガワ アユミ,ogawa.ayumi@student.school.example.com
3,2,23,宮本 朝陽,ミヤモト アサヒ,miyamoto.asahi@student.school.example.com
3,2,24,岡田 颯太,オカダ ソウタ,okada.sota@student.school.example.com
3,2,25,池田 正樹,イケダ マサキ,ikeda.masaki@student.school.example.com
3,2,26,藤井 隆,フジイ タカシ,fujii.takashi@student.school.example.com
3,2,27,高木 七海,タカギ ナナミ,takagi.nanami@student.school.example.com
3,2,28,大野 翔太,オオノ ショウタ,ohno.shota@student.school.example.com
3,2,29,松尾 あゆみ,マツオ アユミ,matsuo.ayumi@student.school.example.com
3,2,30,千葉 大地,チバ ダイチ,chiba.daichi@student.school.example.com
3,2,31,平野 真由美,ヒラノ マユミ,hirano.mayumi@student.school.example.com
3,2,32,池田 悠斗,イケダ ユウト,ikeda.yuto@student.school.example.com
3,2,33,山崎 香織,ヤマザキ カオリ,yamazaki.kaori@student.school.example.com
3,2,34,阿部 紬,アベ ツムギ,abe.tsumugi@student.school.example.com
3,2,35,渡辺 凛,ワタナベ リン,watanabe.rin@student.school.example.com
3,2,36,原田 奏太,ハラダ ソウタ,harada.souta@student.school.example.com
3,2,37,森田 優花,モリタ ユウカ,morita.yuka@student.school.example.com
3,2,38,青木 心春,アオキ コハル,aoki.koharu@student.school.example.com
3,2,39,後藤 日和,ゴトウ ヒヨリ,goto.hiyori@student.school.example.com
3,2,40,長谷川 裕也,ハセガワ ユウヤ,hasegawa.yuya1@student.school.example.com
3,3,1,工藤 朝陽,クドウ アサヒ,kudo.asahi@student.school.example.com
3,3,2,小野 遥,オノ ハルカ,ono.haruka@student.school.example.com
3,3,3,森田 莉子,モリタ リコ,morita.riko@student.school.example.com
3,3,4,青木 真由美,アオキ マユミ,aoki.mayumi@student.school.example.com
3,3,5,高木 彩花,タカギ アヤカ,takagi.ayaka1@student.school.example.com
3,3,6,石井 悠斗,イシイ ユウト,ishii.yuto@student.school.example.com
3,3,7,藤田 奈々,フジタ ナナ,fujita.nana@student.school.example.com
3,3,8,山口 海斗,ヤマグチ カイト,yamaguchi.kaito@student.school.example.com
3,3,9,山本 楓,ヤマモト カエデ,yamamoto.kaede@student.school.example.com
3,3,10,小野 美羽,オノ ミウ,ono.miu@student.school.example.com
3,3,11,井上 朱里,イノウエ アカリ,inoue.akari@student.school.example.com
3,3,12,林 優,ハヤシ ユウ,hayashi.yu@student.school.example.com
3,3,13,吉田 悠斗,ヨシダ ユウト,yoshida.yuto@student.school.example.com
3,3,14,坂本 心春,サカモト コハル,sakamoto.koharu@student.school.example.com
3,3,15,安藤 蓮,アンドウ レン,ando.ren@student.school.example.com
3,3,16,柴田 浩二,シバタ コウジ,shibata.koji@student.school.example.com
3,3,17,岡田 心春,オカダ コハル,okada.koharu@student.school.example.com
3,3,18,松田 大輔,マツダ ダイスケ,matsuda.daisuke@student.school.example.com
3,3,19,石井 勇気,イシイ ユウキ,ishii.yuuki@student.school.example.com
3,3,20,金子 結菜,カネコ ユウナ,kaneko.yuna@student.school.example.com
3,3,21,小野 奏太,オノ ソウタ,ono.souta@student.school.example.com
3,3,22,竹内 太一,タケウチ タイチ,takeuchi.taichi@student.school.example.com
3,3,23,小野 新,オノ アラタ,ono.arata@student.school.example.com
3,3,24,田中 美咲,タナカ ミサキ,tanaka.misaki@student.school.example.com
3,3,25,松本 直美,マツモト ナオミ,matsumoto.naomi@student.school.example.com
3,3,26,森 颯太,モリ ソウタ,mori.sota@student.school.example.com
3,3,27,伊藤 優,イトウ ユウ,ito.yu@student.school.example.com
3,3,28,工藤 颯太,クドウ ソウタ,kudo.sota@student.school.example.com
3,3,29,工藤 心春,クドウ コハル,kudo.koharu1@student.school.example.com
3,3,30,松井 太郎,マツイ タロウ,matsui.taro@student.school.example.com
3,3,31,吉田 健太,ヨシダ ケンタ,yoshida.kenta@student.school.example.com
3,3,32,村上 律,ムラカミ リツ,murakami.ritsu@student.school.example.com
3,3,33,池田 美羽,イケダ ミウ,ikeda.miu@student.school.example.com
3,3,34,野口 彩花,ノグチ アヤカ,noguchi.ayaka@student.school.example.com
3,3,35,上田 直人,ウエダ ナオト,ueda.naoto1@student.school.example.com
3,3,36,青木 奏太,アオキ ソウタ,aoki.souta@student.school.example.com
3,3,37,西村 悠太,ニシムラ ユウタ,nishimura.yuta@student.school.example.com
3,3,38,山本 奏太,ヤマモト ソウタ,yamamoto.souta@student.school.example.com
3,3,39,石井 香織,イシイ カオリ,ishii.kaori@student.school.example.com
3,3,40,宮崎 和也,ミヤザキ カズヤ,miyazaki.kazuya@student.school.example.com
3,4,1,木村 咲良,キムラ サクラ,kimura.sakura@student.school.example.com
3,4,2,平野 日和,ヒラノ ヒヨリ,hirano.hiyori@student.school.example.com
3,4,3,高橋 琴音,タカハシ コトネ,takahashi.kotone@student.school.example.com
3,4,4,村田 奏太,ムラタ ソウタ,murata.souta@student.school.example.com
3,4,5,森 航,モリ ワタル,mori.wataru@student.school.example.com
3,4,6,上田 太郎,ウエダ タロウ,ueda.taro@student.school.example.com
3,4,7,松井 さくら,マツイ サクラ,matsui.sakura@student.school.example.com
3,4,8,長谷川 遥,ハセガワ ハルカ,hasegawa.haruka1@student.school.example.com
3,4,9,石井 樹,イシイ イツキ,ishii.itsuki@student.school.example.com
3,4,10,杉本 太一,スギモト タイチ,sugimoto.taichi@student.school.example.com
3,4,11,大野 由紀,オオノ ユキ,ohno.yuki@student.school.example.com
3,4,12,小林 彩花,コバヤシ アヤカ,kobayashi.ayaka@student.school.example.com
3,4,13,今井 結菜,イマイ ユウナ,imai.yuna@student.school.example.com
3,4,14,高木 美羽,タカギ ミウ,takagi.miu@student.school.example.com
3,4,15,高橋 綾香,タカハシ アヤカ,takahashi.ayaka@student.school.example.com
3,4,16,工藤 拓海,クドウ タクミ,kudo.takumi@student.school.example.com
3,4,17,菊地 綾香,キクチ アヤカ,kikuchi.ayaka@student.school.example.com
3,4,18,小野 海斗,オノ カイト,ono.kaito@student.school.example.com
3,4,19,高橋 さくら,タカハシ サクラ,takahashi.sakura@student.school.example.com
3,4,20,小林 千尋,コバヤシ チヒロ,kobayashi.chihiro@student.school.example.com
3,4,21,長谷川 誠,ハセガワ マコト,hasegawa.makoto1@student.school.example.com
3,4,22,菅原 直美,スガワラ ナオミ,sugawara.naomi@student.school.example.com
3,4,23,山口 拓海,ヤマグチ タクミ,yamaguchi.takumi@student.school.example.com
3,4,24,中野 七海,ナカノ ナナミ,nakano.nanami@student.school.example.com
3,4,25,岡本 湊,オカモト ミナト,okamoto.minato@student.school.example.com
3,4,26,酒井 楓,サカイ カエデ,sakai.kaede@student.school.example.com
3,4,27,野村 樹,ノムラ イツキ,nomura.itsuki@student.school.example.com
3,4,28,山口 和也,ヤマグチ カズヤ,yamaguchi.kazuya@student.school.example.com
3,4,29,宮崎 翔太,ミヤザキ ショウタ,miyazaki.shota@student.school.example.com
3,4,30,藤井 結翔,フジイ ユイト,fujii.yuito@student.school.example.com
3,4,31,渡辺 結翔,ワタナベ ユイト,watanabe.yuito@student.school.example.com
3,4,32,渡辺 美咲,ワタナベ ミサキ,watanabe.misaki@student.school.example.com
3,4,33,福田 琴音,フクダ コトネ,fukuda.kotone@student.school.example.com
3,4,34,金子 七海,カネコ ナナミ,kaneko.nanami@student.school.example.com
3,4,35,工藤 海斗,クドウ カイト,kudo.kaito@student.school.example.com
3,4,36,伊藤 朝陽,イトウ アサヒ,ito.asahi@student.school.example.com
3,4,37,青木 さくら,アオキ サクラ,aoki.sakura@student.school.example.com
3,4,38,山本 直美,ヤマモト ナオミ,yamamoto.naomi@student.school.example.com
3,4,39,坂本 悠太,サカモト ユウタ,sakamoto.yuta@student.school.example.com
3,4,40,小野 芽依,オノ メイ,ono.mei@student.school.example.com
3,5,1,和田 紬,ワダ ツムギ,wada.tsumugi@student.school.example.com
3,5,2,竹内 あゆみ,タケウチ アユミ,takeuchi.ayumi@student.school.example.com
3,5,3,山崎 咲良,ヤマザキ サクラ,yamazaki.sakura@student.school.example.com
3,5,4,内田 恵子,ウチダ ケイコ,uchida.keiko@student.school.example.com
3,5,5,谷口 瑛太,タニグチ エイタ,taniguchi.eita@student.school.example.com
3,5,6,吉田 葵,ヨシダ アオイ,yoshida.aoi1@student.school.example.com
3,5,7,吉田 芽依,ヨシダ メイ,yoshida.mei@student.school.example.com
3,5,8,野口 樹,ノグチ イツキ,noguchi.itsuki@student.school.example.com
3,5,9,今井 航,イマイ ワタル,imai.wataru@student.school.example.com
3,5,10,三浦 誠,ミウラ マコト,miura.makoto@student.school.example.com
3,5,11,吉田 裕子,ヨシダ ユウコ,yoshida.yuko1@student.school.example.com
3,5,12,松尾 航,マツオ ワタル,matsuo.wataru@student.school.example.com
3,5,13,福田 心春,フクダ コハル,fukuda.koharu@student.school.example.com
3,5,14,野口 葵,ノグチ アオイ,noguchi.aoi2@student.school.example.com
3,5,15,阿部 紬,アベ ツムギ,abe.tsumugi1@student.school.example.com
3,5,16,松田 心春,マツダ コハル,matsuda.koharu@student.school.example.com
3,5,17,渡辺 さくら,ワタナベ サクラ,watanabe.sakura1@student.school.example.com
3,5,18,松井 芽依,マツイ メイ,matsui.mei@student.school.example.com
3,5,19,遠藤 慎一,エンドウ シンイチ,endo.shinichi@student.school.example.com
3,5,20,加藤 陽菜,カトウ ヒナ,kato.hina@student.school.example.com
3,5,21,原田 琴音,ハラダ コトネ,harada.kotone@student.school.example.com
3,5,22,橋本 大輔,ハシモト ダイスケ,hashimoto.daisuke@student.school.example.com
3,5,23,森 奈々,モリ ナナ,mori.nana@student.school.example.com
3,5,24,森田 翔太,モリタ ショウタ,morita.shota@student.school.example.com
3,5,25,清水 和也,シミズ カズヤ,shimizu.kazuya@student.school.example.com
3,5,26,長谷川 由紀,ハセガワ ユキ,hasegawa.yuki@student.school.example.com
3,5,27,原田 綾香,ハラダ アヤカ,harada.ayaka1@student.school.example.com
3,5,28,杉山 翔太,スギヤマ ショウタ,sugiyama.shota@student.school.example.com
3,5,29,野口 陽翔,ノグチ ハルト,noguchi.haruto1@student.school.example.com
3,5,30,原 恵子,ハラ ケイコ,hara.keiko@student.school.example.com
3,5,31,小野 紬,オノ ツムギ,ono.tsumugi@student.school.example.com
3,5,32,加藤 遥,カトウ ハルカ,kato.haruka1@student.school.example.com
3,5,33,山口 彩花,ヤマグチ アヤカ,yamaguchi.ayaka1@student.school.example.com
3,5,34,原田 花子,ハラダ ハナコ,harada.hanako@student.school.example.com
3,5,35,太田 光,オオタ ヒカル,ota.hikaru@student.school.example.com
3,5,36,石田 直人,イシダ ナオト,ishida.naoto@student.school.example.com
3,5,37,田中 樹,タナカ イツキ,tanaka.itsuki1@student.school.example.com
3,5,38,内田 朱里,ウチダ アカリ,uchida.akari@student.school.example.com
3,5,39,竹内 愛,タケウチ アイ,takeuchi.ai@student.school.example.com
3,5,40,林 龍生,ハヤシ リュウセイ,hayashi.ryusei@student.school.example.com
3,6,1,近藤 心春,コンドウ コハル,kondo.koharu@student.school.example.com
3,6,2,小川 優花,オガワ ユウカ,ogawa.yuka@student.school.example.com
3,6,3,青木 美月,アオキ ミツキ,aoki.mitsuki@student.school.example.com
3,6,4,藤田 悠太,フジタ ユウタ,fujita.yuta@student.school.example.com
3,6,5,山口 正樹,ヤマグチ マサキ,yamaguchi.masaki@student.school.example.com
3,6,6,原 湊,ハラ ミナト,hara.minato@student.school.example.com
3,6,7,森田 浩二,モリタ コウジ,morita.koji@student.school.example.com
3,6,8,太田 千尋,オオタ チヒロ,ota.chihiro@student.school.example.com
3,6,9,小林 美羽,コバヤシ ミウ,kobayashi.miu@student.school.example.com
3,6,10,今井 航,イマイ ワタル,imai.wataru1@student.school.example.com
3,6,11,西村 悠斗,ニシムラ ユウト,nishimura.yuto@student.school.example.com
3,6,12,菊地 湊,キクチ ミナト,kikuchi.minato@student.school.example.com
3,6,13,原田 琴音,ハラダ コトネ,harada.kotone1@student.school.example.com
3,6,14,岡田 悠太,オカダ ユウタ,okada.yuta@student.school.example.com
3,6,15,藤田 颯太,フジタ ソウタ,fujita.sota@student.school.example.com
3,6,16,長谷川 咲良,ハセガワ サクラ,hasegawa.sakura@student.school.example.com
3,6,17,田中 由紀,タナカ ユキ,tanaka.yuki@student.school.example.com
3,6,18,河野 遥,コウノ ハルカ,kono.haruka@student.school.example.com
3,6,19,小野 莉子,オノ リコ,ono.riko@student.school.example.com
3,6,20,河野 大地,コウノ ダイチ,kono.daichi@student.school.example.com
3,6,21,松井 浩二,マツイ コウジ,matsui.koji@student.school.example.com
3,6,22,小林 裕也,コバヤシ ユウヤ,kobayashi.yuya@student.school.example.com
3,6,23,金子 楓,カネコ カエデ,kaneko.kaede@student.school.example.com
3,6,24,大野 凛,オオノ リン,ohno.rin@student.school.example.com
3,6,25,中山 遥,ナカヤマ ハルカ,nakayama.haruka@student.school.example.com
3,6,26,加藤 大地,カトウ ダイチ,kato.daichi@student.school.example.com
3,6,27,太田 正樹,オオタ マサキ,ota.masaki@student.school.example.com
3,6,28,原 莉子,ハラ リコ,hara.riko@student.school.example.com
3,6,29,谷口 千尋,タニグチ チヒロ,taniguchi.chihiro@student.school.example.com
3,6,30,清水 美羽,シミズ ミウ,shimizu.miu@student.school.example.com
3,6,31,菊地 彩,キクチ アヤ,kikuchi.aya@student.school.example.com
3,6,32,山崎 大地,ヤマザキ ダイチ,yamazaki.daichi@student.school.example.com
3,6,33,柴田 結菜,シバタ ユウナ,shibata.yuna@student.school.example.com
3,6,34,中村 悠太,ナカムラ ユウタ,nakamura.yuta@student.school.example.com
3,6,35,谷口 陽翔,タニグチ ハルト,taniguchi.haruto@student.school.example.com
3,6,36,西村 陸,ニシムラ リク,nishimura.riku@student.school.example.com
3,6,37,橋本 裕子,ハシモト ユウコ,hashimoto.yuko@student.school.example.com
3,6,38,岡田 千尋,オカダ チヒロ,okada.chihiro@student.school.example.com
3,6,39,谷口 優,タニグチ ユウ,taniguchi.yu@student.school.example.com
3,6,40,吉田 海斗,ヨシダ カイト,yoshida.kaito@student.school.example.com
3,7,1,藤田 美羽,フジタ ミウ,fujita.miu@student.school.example.com
3,7,2,遠藤 大地,エンドウ ダイチ,endo.daichi@student.school.example.com
3,7,3,野村 駿,ノムラ シュン,nomura.shun@student.school.example.com
3,7,4,松井 日和,マツイ ヒヨリ,matsui.hiyori1@student.school.example.com
3,7,5,山田 結菜,ヤマダ ユウナ,yamada.yuna@student.school.example.com
3,7,6,木下 陸,キノシタ リク,kinoshita.riku@student.school.example.com
3,7,7,久保 未来,クボ ミライ,kubo.mirai@student.school.example.com
3,7,8,池田 陸,イケダ リク,ikeda.riku@student.school.example.com
3,7,9,松尾 香織,マツオ カオリ,matsuo.kaori1@student.school.example.com
3,7,10,野口 あゆみ,ノグチ アユミ,noguchi.ayumi@student.school.example.com
3,7,11,杉山 拓海,スギヤマ タクミ,sugiyama.takumi1@student.school.example.com
3,7,12,田中 太一,タナカ タイチ,tanaka.taichi@student.school.example.com
3,7,13,渡辺 遥,ワタナベ ハルカ,watanabe.haruka@student.school.example.com
3,7,14,近藤 蒼,コンドウ アオイ,kondo.aoi@student.school.example.com
3,7,15,村田 結衣,ムラタ ユイ,murata.yui@student.school.example.com
3,7,16,千葉 大輔,チバ ダイスケ,chiba.daisuke@student.school.example.com
3,7,17,内田 七海,ウチダ ナナミ,uchida.nanami@student.school.example.com
3,7,18,藤井 駿,フジイ シュン,fujii.shun@student.school.example.com
3,7,19,横山 大翔,ヨコヤマ ヒロト,yokoyama.hiroto@student.school.example.com
3,7,20,和田 駿,ワダ シュン,wada.shun@student.school.example.com
3,7,21,宮崎 正樹,ミヤザキ マサキ,miyazaki.masaki1@student.school.example.com
3,7,22,中村 悠斗,ナカムラ ユウト,nakamura.yuto@student.school.example.com
3,7,23,森田 結衣,モリタ ユイ,morita.yui1@student.school.example.com
3,7,24,横山 莉子,ヨコヤマ リコ,yokoyama.riko1@student.school.example.com
3,7,25,前田 あゆみ,マエダ アユミ,maeda.ayumi@student.school.example.com
3,7,26,野口 蓮,ノグチ レン,noguchi.ren1@student.school.example.com
3,7,27,太田 美咲,オオタ ミサキ,ota.misaki@student.school.example.com
3,7,28,松田 陽菜,マツダ ヒナ,matsuda.hina@student.school.example.com
3,7,29,清水 恵子,シミズ ケイコ,shimizu.keiko@student.school.example.com
3,7,30,安藤 愛,アンドウ アイ,ando.ai@student.school.example.com
3,7,31,井上 美咲,イノウエ ミサキ,inoue.misaki@student.school.example.com
3,7,32,長谷川 莉子,ハセガワ リコ,hasegawa.riko@student.school.example.com
3,7,33,林 瑛太,ハヤシ エイタ,hayashi.eita@student.school.example.com
3,7,34,原 大翔,ハラ ヒロト,hara.hiroto@student.school.example.com
3,7,35,森 隆,モリ タカシ,mori.takashi@student.school.example.com
3,7,36,山本 航,ヤマモト ワタル,yamamoto.wataru@student.school.example.com
3,7,37,竹内 優花,タケウチ ユウカ,takeuchi.yuka@student.school.example.com
3,7,38,石井 大翔,イシイ ヒロト,ishii.hiroto@student.school.example.com
3,7,39,橋本 裕子,ハシモト ユウコ,hashimoto.yuko1@student.school.example.com
3,7,40,村田 美咲,ムラタ ミサキ,murata.misaki@student.school.example.com
3,8,1,中島 悠斗,ナカジマ ユウト,nakajima.yuto@student.school.example.com
3,8,2,内田 琴音,ウチダ コトネ,uchida.kotone@student.school.example.com
3,8,3,酒井 咲良,サカイ サクラ,sakai.sakura@student.school.example.com
3,8,4,福田 咲良,フクダ サクラ,fukuda.sakura@student.school.example.com
3,8,5,高橋 浩二,タカハシ コウジ,takahashi.koji@student.school.example.com
3,8,6,金子 結菜,カネコ ユウナ,kaneko.yuna1@student.school.example.com
3,8,7,宮崎 奏太,ミヤザキ ソウタ,miyazaki.souta@student.school.example.com
3,8,8,小川 未来,オガワ ミライ,ogawa.mirai@student.school.example.com
3,8,9,中野 勇気,ナカノ ユウキ,nakano.yuuki@student.school.example.com
3,8,10,山本 優,ヤマモト ユウ,yamamoto.yu1@student.school.example.com
3,8,11,内田 萌,ウチダ モエ,uchida.moe@student.school.example.com
3,8,12,佐々木 詩,ササキ ウタ,sasaki.uta@student.school.example.com
3,8,13,青木 日和,アオキ ヒヨリ,aoki.hiyori@student.school.example.com
3,8,14,鈴木 誠,スズキ マコト,suzuki.makoto@student.school.example.com
3,8,15,柴田 颯太,シバタ ソウタ,shibata.sota@student.school.example.com
3,8,16,近藤 由紀,コンドウ ユキ,kondo.yuki@student.school.example.com
3,8,17,和田 由紀,ワダ ユキ,wada.yuki@student.school.example.com
3,8,18,渡辺 陽菜,ワタナベ ヒナ,watanabe.hina@student.school.example.com
3,8,19,山本 真央,ヤマモト マオ,yamamoto.mao@student.school.example.com
3,8,20,藤本 朝陽,フジモト アサヒ,fujimoto.asahi@student.school.example.com
3,8,21,原田 美羽,ハラダ ミウ,harada.miu@student.school.example.com
3,8,22,青木 正樹,アオキ マサキ,aoki.masaki1@student.school.example.com
3,8,23,竹内 結菜,タケウチ ユウナ,takeuchi.yuna@student.school.example.com
3,8,24,原 美羽,ハラ ミウ,hara.miu@student.school.example.com
3,8,25,遠藤 香織,エンドウ カオリ,endo.kaori1@student.school.example.com
3,8,26,松井 悠太,マツイ ユウタ,matsui.yuta@student.school.example.com
3,8,27,清水 隆,シミズ タカシ,shimizu.takashi@student.school.example.com
3,8,28,金子 恵子,カネコ ケイコ,kaneko.keiko@student.school.example.com
3,8,29,岡本 愛,オカモト アイ,okamoto.ai@student.school.example.com
3,8,30,原田 蓮,ハラダ レン,harada.ren@student.school.example.com
3,8,31,藤田 奈々,フジタ ナナ,fujita.nana1@student.school.example.com
3,8,32,安藤 陽菜,アンドウ ヒナ,ando.hina@student.school.example.com
3,8,33,高木 拓海,タカギ タクミ,takagi.takumi@student.school.example.com
3,8,34,渡辺 翔太,ワタナベ ショウタ,watanabe.shota1@student.school.example.com
3,8,35,山口 直美,ヤマグチ ナオミ,yamaguchi.naomi@student.school.example.com
3,8,36,工藤 朱里,クドウ アカリ,kudo.akari1@student.school.example.com
3,8,37,宮崎 陽翔,ミヤザキ ハルト,miyazaki.haruto@student.school.example.com
3,8,38,野口 琴音,ノグチ コトネ,noguchi.kotone1@student.school.example.com
3,8,39,山口 裕子,ヤマグチ ユウコ,yamaguchi.yuko@student.school.example.com
3,8,40,松井 美咲,マツイ ミサキ,matsui.misaki@student.school.example.com
3,9,1,橋本 花子,ハシモト ハナコ,hashimoto.hanako@student.school.example.com
3,9,2,松井 駿,マツイ シュン,matsui.shun@student.school.example.com
3,9,3,久保 あゆみ,クボ アユミ,kubo.ayumi@student.school.example.com
3,9,4,高木 琴音,タカギ コトネ,takagi.kotone@student.school.example.com
3,9,5,丸山 美月,マルヤマ ミツキ,maruyama.mitsuki@student.school.example.com
3,9,6,杉山 駿,スギヤマ シュン,sugiyama.shun2@student.school.example.com
3,9,7,工藤 健太,クドウ ケンタ,kudo.kenta1@student.school.example.com
3,9,8,小野 直美,オノ ナオミ,ono.naomi@student.school.example.com
3,9,9,木村 結衣,キムラ ユイ,kimura.yui@student.school.example.com
3,9,10,菅原 裕也,スガワラ ユウヤ,sugawara.yuya@student.school.example.com
3,9,11,野村 大輔,ノムラ ダイスケ,nomura.daisuke@student.school.example.com
3,9,12,平野 詩,ヒラノ ウタ,hirano.uta@student.school.example.com
3,9,13,近藤 未来,コンドウ ミライ,kondo.mirai@student.school.example.com
3,9,14,村田 暖,ムラタ ダン,murata.dan@student.school.example.com
3,9,15,山本 未来,ヤマモト ミライ,yamamoto.mirai1@student.school.example.com
3,9,16,横山 陸,ヨコヤマ リク,yokoyama.riku@student.school.example.com
3,9,17,大野 香織,オオノ カオリ,ohno.kaori@student.school.example.com
3,9,18,田村 蓮,タムラ レン,tamura.ren@student.school.example.com
3,9,19,石田 翔太,イシダ ショウタ,ishida.shota@student.school.example.com
3,9,20,村田 直人,ムラタ ナオト,murata.naoto@student.school.example.com
3,9,21,中島 健太,ナカジマ ケンタ,nakajima.kenta@student.school.example.com
3,9,22,森田 美咲,モリタ ミサキ,morita.misaki@student.school.example.com
3,9,23,石井 陽翔,イシイ ハルト,ishii.haruto@student.school.example.com
3,9,24,中山 蒼,ナカヤマ アオイ,nakayama.aoi@student.school.example.com
3,9,25,中山 結菜,ナカヤマ ユウナ,nakayama.yuna@student.school.example.com
3,9,26,松井 詩,マツイ ウタ,matsui.uta@student.school.example.com
3,9,27,中村 颯太,ナカムラ ソウタ,nakamura.sota@student.school.example.com
3,9,28,谷口 蒼,タニグチ アオイ,taniguchi.aoi@student.school.example.com
3,9,29,藤本 裕子,フジモト ユウコ,fujimoto.yuko@student.school.example.com
3,9,30,松尾 楓,マツオ カエデ,matsuo.kaede1@student.school.example.com
3,9,31,大野 真由美,オオノ マユミ,ohno.mayumi@student.school.example.com
3,9,32,太田 湊,オオタ ミナト,ota.minato@student.school.example.com
3,9,33,宮崎 日和,ミヤザキ ヒヨリ,miyazaki.hiyori@student.school.example.com
3,9,34,岡本 七海,オカモト ナナミ,okamoto.nanami@student.school.example.com
3,9,35,中野 龍生,ナカノ リュウセイ,nakano.ryusei@student.school.example.com
3,9,36,松井 楓,マツイ カエデ,matsui.kaede@student.school.example.com
3,9,37,中島 大翔,ナカジマ ヒロト,nakajima.hiroto@student.school.example.com
3,9,38,遠藤 愛,エンドウ アイ,endo.ai1@student.school.example.com
3,9,39,西村 新,ニシムラ アラタ,nishimura.arata@student.school.example.com
3,9,40,西村 優,ニシムラ ユウ,nishimura.yu@student.school.example.com
