氏名,氏名カナ,メールアドレス,ロール
菊地 直人,キクチ ナオト,kikuchi.naoto@school.example.com,管理者
木村 杏,キムラ アン,kimura.an@school.example.com,管理者
田中 拓海,タナカ タクミ,tanaka.takumi@school.example.com,管理者
遠藤 葵,エンドウ アオイ,endo.aoi@school.example.com,教科主任
石田 勇気,イシダ ユウキ,ishida.yuuki@school.example.com,教科主任
岡田 結菜,オカダ ユウナ,okada.yuna@school.example.com,教科主任
山口 颯太,ヤマグチ ソウタ,yamaguchi.sota@school.example.com,教員
井上 七海,イノウエ ナナミ,inoue.nanami@school.example.com,教員
今井 樹,イマイ イツキ,imai.itsuki@school.example.com,教員
山田 花子,ヤマダ ハナコ,yamada.hanako@school.example.com,教員
久保 樹,クボ イツキ,kubo.itsuki@school.example.com,教員
上田 美月,ウエダ ミツキ,ueda.mitsuki@school.example.com,教員
伊藤 誠,イトウ マコト,ito.makoto@school.example.com,教員
佐々木 心春,ササキ コハル,sasaki.koharu@school.example.com,教員
平野 翔太,ヒラノ ショウタ,hirano.shota@school.example.com,教員
小川 優花,オガワ ユウカ,ogawa.yuka@school.example.com,教員
後藤 太一,ゴトウ タイチ,goto.taichi@school.example.com,教員
高木 未来,タカギ ミライ,takagi.mirai@school.example.com,教員
杉山 悠太,スギヤマ ユウタ,sugiyama.yuta@school.example.com,教員
藤田 花子,フジタ ハナコ,fujita.hanako@school.example.com,教員
石井 暖,イシイ ダン,ishii.dan@school.example.com,教員
野村 結菜,ノムラ ユウナ,nomura.yuna@school.example.com,教員
原 颯太,ハラ ソウタ,hara.sota@school.example.com,教員
藤井 彩,フジイ アヤ,fujii.aya@school.example.com,教員
千葉 直人,チバ ナオト,chiba.naoto@school.example.com,教員
和田 詩,ワダ ウタ,wada.uta@school.example.com,教員
柴田 大輔,シバタ ダイスケ,shibata.daisuke@school.example.com,教員
佐藤 葵,サトウ アオイ,sato.aoi@school.example.com,教員
田村 健太,タムラ ケンタ,tamura.kenta@school.example.com,教員
工藤 詩,クドウ ウタ,kudo.uta@school.example.com,教員
吉田 結翔,ヨシダ ユイト,yoshida.yuito@school.example.com,教員
松田 心春,マツダ コハル,matsuda.koharu@school.example.com,教員
河野 翔太,コウノ ショウタ,kono.shota@school.example.com,教員
阿部 結衣,アベ ユイ,abe.yui@school.example.com,教員
横山 優,ヨコヤマ ユウ,yokoyama.yu@school.example.com,教員
加藤 詩,カトウ ウタ,kato.uta@school.example.com,教員
松井 誠,マツイ マコト,matsui.makoto@school.example.com,教員
内田 愛,ウチダ アイ,uchida.ai@school.example.com,教員
中山 結翔,ナカヤマ ユイト,nakayama.yuito@school.example.com,教員
山本 七海,ヤマモト ナナミ,yamamoto.nanami@school.example.com,教員
渡辺 正樹,ワタナベ マサキ,watanabe.masaki@school.example.com,教員
中島 紬,ナカジマ ツムギ,nakajima.tsumugi@school.example.com,教員
原田 和也,ハラダ カズヤ,harada.kazuya@school.example.com,教員
石川 芽依,イシカワ メイ,ishikawa.mei@school.example.com,教員
藤原 光,フジワラ ヒカル,fujiwara.hikaru@school.example.com,教員
西村 未来,ニシムラ ミライ,nishimura.mirai@school.example.com,教員
清水 大地,シミズ ダイチ,shimizu.daichi@school.example.com,教員
高橋 奈々,タカハシ ナナ,takahashi.nana@school.example.com,教員
野口 律,ノグチ リツ,noguchi.ritsu@school.example.com,教員
坂本 奈々,サカモト ナナ,sakamoto.nana@school.example.com,教員
中村 結翔,ナカムラ ユイト,nakamura.yuito@school.example.com,教員
菅原 咲良,スガワラ サクラ,sugawara.sakura@school.example.com,教員
中野 直人,ナカノ ナオト,nakano.naoto@school.example.com,教員
森 真由美,モリ マユミ,mori.mayumi@school.example.com,教員
山崎 海斗,ヤマザキ カイト,yamazaki.kaito@school.example.com,教員
村上 愛,ムラカミ アイ,murakami.ai@school.example.com,教員
岡本 拓海,オカモト タクミ,okamoto.takumi@school.example.com,教員
三浦 あゆみ,ミウラ アユミ,miura.ayumi@school.example.com,教員
太田 慎一,オオタ シンイチ,ota.shinichi@school.example.com,教員
鈴木 綾香,スズキ アヤカ,suzuki.ayaka@school.example.com,教員
